Song ID,Token ID,Term Frequency,Inverse Document Frequency,TF-IDF
1,away,1,1.0986122886681098,1.0986122886681098
7,away,2,1.0986122886681098,2.1972245773362196
9,away,1,1.0986122886681098,1.0986122886681098
11,away,2,1.0986122886681098,2.1972245773362196
15,away,1,1.0986122886681098,1.0986122886681098
1,of,4,0.06899287148695142,0.2759714859478057
2,of,4,0.06899287148695142,0.2759714859478057
3,of,4,0.06899287148695142,0.2759714859478057
4,of,1,0.06899287148695142,0.06899287148695142
5,of,3,0.06899287148695142,0.20697861446085425
6,of,5,0.06899287148695142,0.3449643574347571
7,of,17,0.06899287148695142,1.1728788152781742
8,of,6,0.06899287148695142,0.4139572289217085
9,of,3,0.06899287148695142,0.20697861446085425
10,of,1,0.06899287148695142,0.06899287148695142
11,of,5,0.06899287148695142,0.3449643574347571
12,of,3,0.06899287148695142,0.20697861446085425
14,of,5,0.06899287148695142,0.3449643574347571
15,of,3,0.06899287148695142,0.20697861446085425
2,youre,2,0.6286086594223741,1.2572173188447482
3,youre,1,0.6286086594223741,0.6286086594223741
4,youre,1,0.6286086594223741,0.6286086594223741
6,youre,3,0.6286086594223741,1.8858259782671223
7,youre,1,0.6286086594223741,0.6286086594223741
8,youre,2,0.6286086594223741,1.2572173188447482
10,youre,1,0.6286086594223741,0.6286086594223741
12,youre,1,0.6286086594223741,0.6286086594223741
3,everything,4,1.3217558399823195,5.287023359929278
6,everything,2,1.3217558399823195,2.643511679964639
8,everything,1,1.3217558399823195,1.3217558399823195
15,everything,9,1.3217558399823195,11.895802559840876
3,free,1,2.0149030205422647,2.0149030205422647
7,free,1,2.0149030205422647,2.0149030205422647
3,before,1,1.6094379124341003,1.6094379124341003
7,before,1,1.6094379124341003,1.6094379124341003
13,before,1,1.6094379124341003,1.6094379124341003
3,have,3,0.9162907318741551,2.7488721956224653
4,have,2,0.9162907318741551,1.8325814637483102
6,have,3,0.9162907318741551,2.7488721956224653
7,have,1,0.9162907318741551,0.9162907318741551
11,have,1,0.9162907318741551,0.9162907318741551
14,have,1,0.9162907318741551,0.9162907318741551
3,anymore,7,2.70805020110221,18.95635140771547
3,no,1,1.0986122886681098,1.0986122886681098
6,no,5,1.0986122886681098,5.493061443340549
7,no,5,1.0986122886681098,5.493061443340549
13,no,3,1.0986122886681098,3.295836866004329
14,no,3,1.0986122886681098,3.295836866004329
4,ago,2,2.70805020110221,5.41610040220442
4,mistake,1,2.0149030205422647,2.0149030205422647
8,mistake,2,2.0149030205422647,4.029806041084529
5,mind,2,1.0986122886681098,2.1972245773362196
7,mind,1,1.0986122886681098,1.0986122886681098
10,mind,1,1.0986122886681098,1.0986122886681098
11,mind,2,1.0986122886681098,2.1972245773362196
14,mind,2,1.0986122886681098,2.1972245773362196
5,superman,4,2.70805020110221,10.83220080440884
5,head,1,1.6094379124341003,1.6094379124341003
6,head,1,1.6094379124341003,1.6094379124341003
7,head,5,1.6094379124341003,8.047189562170502
6,right,7,0.7621400520468967,5.334980364328277
7,right,3,0.7621400520468967,2.2864201561406903
8,right,1,0.7621400520468967,0.7621400520468967
10,right,8,0.7621400520468967,6.097120416375174
11,right,1,0.7621400520468967,0.7621400520468967
14,right,1,0.7621400520468967,0.7621400520468967
15,right,6,0.7621400520468967,4.5728403122813805
6,scared,1,2.0149030205422647,2.0149030205422647
15,scared,6,2.0149030205422647,12.089418123253587
6,swirls,1,2.70805020110221,2.70805020110221
6,two,1,2.70805020110221,2.70805020110221
6,mommys,2,2.70805020110221,5.41610040220442
6,bum,1,2.70805020110221,2.70805020110221
6,habit,1,2.70805020110221,2.70805020110221
6,trips,1,2.70805020110221,2.70805020110221
7,led,2,2.70805020110221,5.41610040220442
7,weve,2,2.0149030205422647,4.029806041084529
12,weve,1,2.0149030205422647,2.0149030205422647
7,mock,1,2.70805020110221,2.70805020110221
7,king,4,2.70805020110221,10.83220080440884
7,cash,1,2.70805020110221,2.70805020110221
7,send,1,2.70805020110221,2.70805020110221
7,frontier,1,2.70805020110221,2.70805020110221
7,tom,1,2.70805020110221,2.70805020110221
7,rather,1,2.70805020110221,2.70805020110221
7,slim,1,2.70805020110221,2.70805020110221
7,mystery,2,2.70805020110221,5.41610040220442
7,reverend,1,2.70805020110221,2.70805020110221
7,worry,1,2.70805020110221,2.70805020110221
7,therell,1,2.70805020110221,2.70805020110221
7,moonlight,1,2.70805020110221,2.70805020110221
8,shoes,1,2.70805020110221,2.70805020110221
9,jeans,2,2.70805020110221,5.41610040220442
10,run,20,2.70805020110221,54.1610040220442
11,everywhere,1,2.70805020110221,2.70805020110221
1,you,16,0.06899287148695142,1.1038859437912227
2,you,1,0.06899287148695142,0.06899287148695142
3,you,15,0.06899287148695142,1.0348930723042713
4,you,6,0.06899287148695142,0.4139572289217085
5,you,20,0.06899287148695142,1.3798574297390285
6,you,39,0.06899287148695142,2.6907219879911053
7,you,19,0.06899287148695142,1.310864558252077
8,you,18,0.06899287148695142,1.2418716867651256
9,you,17,0.06899287148695142,1.1728788152781742
10,you,20,0.06899287148695142,1.3798574297390285
12,you,28,0.06899287148695142,1.9318004016346397
13,you,1,0.06899287148695142,0.06899287148695142
14,you,9,0.06899287148695142,0.6209358433825628
15,you,14,0.06899287148695142,0.9659002008173199
1,lights,1,2.70805020110221,2.70805020110221
2,and,4,0.14310084364067324,0.572403374562693
3,and,2,0.14310084364067324,0.2862016872813465
4,and,11,0.14310084364067324,1.5741092800474057
5,and,7,0.14310084364067324,1.0017059054847126
6,and,34,0.14310084364067324,4.86542868378289
7,and,37,0.14310084364067324,5.29473121470491
8,and,5,0.14310084364067324,0.7155042182033662
9,and,8,0.14310084364067324,1.144806749125386
10,and,1,0.14310084364067324,0.14310084364067324
11,and,10,0.14310084364067324,1.4310084364067324
12,and,9,0.14310084364067324,1.2879075927660593
14,and,4,0.14310084364067324,0.572403374562693
15,and,6,0.14310084364067324,0.8586050618440395
2,rolls,1,2.70805020110221,2.70805020110221
2,darkness,1,1.6094379124341003,1.6094379124341003
7,darkness,1,1.6094379124341003,1.6094379124341003
15,darkness,2,1.6094379124341003,3.2188758248682006
3,done,4,1.6094379124341003,6.437751649736401
4,done,2,1.6094379124341003,3.2188758248682006
7,done,1,1.6094379124341003,1.6094379124341003
3,side,5,1.6094379124341003,8.047189562170502
5,side,6,1.6094379124341003,9.656627474604601
6,side,1,1.6094379124341003,1.6094379124341003
4,ahead,2,2.70805020110221,5.41610040220442
4,tops,3,2.70805020110221,8.12415060330663
4,write,3,2.0149030205422647,6.0447090616267936
7,write,1,2.0149030205422647,2.0149030205422647
5,by,4,1.6094379124341003,6.437751649736401
7,by,5,1.6094379124341003,8.047189562170502
12,by,1,1.6094379124341003,1.6094379124341003
6,uncles,1,2.70805020110221,2.70805020110221
6,harder,1,2.70805020110221,2.70805020110221
6,growing,1,2.70805020110221,2.70805020110221
6,mother,1,2.0149030205422647,2.0149030205422647
12,mother,1,2.0149030205422647,2.0149030205422647
6,piggy,1,2.70805020110221,2.70805020110221
6,papa,1,2.70805020110221,2.70805020110221
6,grab,1,2.70805020110221,2.70805020110221
6,wanted,1,1.6094379124341003,1.6094379124341003
11,wanted,3,1.6094379124341003,4.828313737302301
15,wanted,3,1.6094379124341003,4.828313737302301
7,magic,2,2.70805020110221,5.41610040220442
7,whiteface,1,2.70805020110221,2.70805020110221
7,faces,1,2.70805020110221,2.70805020110221
7,shut,1,2.70805020110221,2.70805020110221
7,wise,1,2.70805020110221,2.70805020110221
7,cruel,1,2.70805020110221,2.70805020110221
7,lindsey,1,2.70805020110221,2.70805020110221
7,sin,1,2.70805020110221,2.70805020110221
8,failing,1,2.70805020110221,2.70805020110221
8,disappointed,1,2.70805020110221,2.70805020110221
9,alone,2,1.6094379124341003,3.2188758248682006
11,alone,2,1.6094379124341003,3.2188758248682006
15,alone,1,1.6094379124341003,1.6094379124341003
11,healed,1,2.70805020110221,2.70805020110221
11,today,1,2.70805020110221,2.70805020110221
12,park,1,2.70805020110221,2.70805020110221
14,crawl,1,2.70805020110221,2.70805020110221
1,in,1,0.14310084364067324,0.14310084364067324
2,in,3,0.14310084364067324,0.42930253092201975
3,in,1,0.14310084364067324,0.14310084364067324
5,in,2,0.14310084364067324,0.2862016872813465
6,in,9,0.14310084364067324,1.2879075927660593
7,in,29,0.14310084364067324,4.149924465579524
8,in,11,0.14310084364067324,1.5741092800474057
9,in,2,0.14310084364067324,0.2862016872813465
11,in,3,0.14310084364067324,0.42930253092201975
12,in,1,0.14310084364067324,0.14310084364067324
13,in,3,0.14310084364067324,0.42930253092201975
14,in,8,0.14310084364067324,1.144806749125386
15,in,5,0.14310084364067324,0.7155042182033662
1,go,1,0.4054651081081644,0.4054651081081644
2,go,1,0.4054651081081644,0.4054651081081644
3,go,1,0.4054651081081644,0.4054651081081644
4,go,2,0.4054651081081644,0.8109302162163288
5,go,4,0.4054651081081644,1.6218604324326575
6,go,3,0.4054651081081644,1.2163953243244932
7,go,8,0.4054651081081644,3.243720864865315
9,go,2,0.4054651081081644,0.8109302162163288
11,go,3,0.4054651081081644,1.2163953243244932
13,go,2,0.4054651081081644,0.8109302162163288
2,borderline,2,2.70805020110221,5.41610040220442
2,once,2,2.0149030205422647,4.029806041084529
7,once,1,2.0149030205422647,2.0149030205422647
2,long,2,1.0986122886681098,2.1972245773362196
5,long,1,1.0986122886681098,1.0986122886681098
7,long,3,1.0986122886681098,3.295836866004329
11,long,3,1.0986122886681098,3.295836866004329
14,long,1,1.0986122886681098,1.0986122886681098
2,days,1,2.70805020110221,2.70805020110221
3,tried,5,2.70805020110221,13.54025100551105
3,apart,3,1.6094379124341003,4.828313737302301
6,apart,1,1.6094379124341003,1.6094379124341003
8,apart,1,1.6094379124341003,1.6094379124341003
3,myself,1,1.6094379124341003,1.6094379124341003
11,myself,2,1.6094379124341003,3.2188758248682006
14,myself,1,1.6094379124341003,1.6094379124341003
4,caution,2,2.70805020110221,5.41610040220442
5,around,1,1.6094379124341003,1.6094379124341003
7,around,1,1.6094379124341003,1.6094379124341003
13,around,7,1.6094379124341003,11.266065387038703
5,superhuman,4,2.70805020110221,10.83220080440884
6,things,3,1.3217558399823195,3.9652675199469583
11,things,1,1.3217558399823195,1.3217558399823195
12,things,4,1.3217558399823195,5.287023359929278
13,things,3,1.3217558399823195,3.9652675199469583
6,this,4,0.5108256237659907,2.043302495063963
7,this,1,0.5108256237659907,0.5108256237659907
8,this,3,0.5108256237659907,1.5324768712979722
9,this,2,0.5108256237659907,1.0216512475319814
11,this,2,0.5108256237659907,1.0216512475319814
12,this,9,0.5108256237659907,4.597430613893916
13,this,2,0.5108256237659907,1.0216512475319814
14,this,1,0.5108256237659907,0.5108256237659907
15,this,4,0.5108256237659907,2.043302495063963
6,girls,1,2.70805020110221,2.70805020110221
6,news,1,2.70805020110221,2.70805020110221
6,sheltered,1,2.70805020110221,2.70805020110221
6,rest,1,2.70805020110221,2.70805020110221
6,christmas,2,2.70805020110221,5.41610040220442
6,tree,1,2.0149030205422647,2.0149030205422647
7,tree,1,2.0149030205422647,2.0149030205422647
6,hurt,1,1.6094379124341003,1.6094379124341003
9,hurt,4,1.6094379124341003,6.437751649736401
10,hurt,1,1.6094379124341003,1.6094379124341003
6,mama,3,2.70805020110221,8.12415060330663
6,cd,1,2.70805020110221,2.70805020110221
6,stone,1,2.70805020110221,2.70805020110221
6,witness,1,2.70805020110221,2.70805020110221
7,kill,1,2.70805020110221,2.70805020110221
7,already,1,2.70805020110221,2.70805020110221
7,beatles,1,2.70805020110221,2.70805020110221
7,stack,1,2.70805020110221,2.70805020110221
7,goes,2,2.0149030205422647,4.029806041084529
12,goes,1,2.0149030205422647,2.0149030205422647
7,cop,1,2.70805020110221,2.70805020110221
7,ruby,1,2.70805020110221,2.70805020110221
7,ridin,1,2.70805020110221,2.70805020110221
7,deceitful,1,2.70805020110221,2.70805020110221
7,johnson,1,2.70805020110221,2.70805020110221
7,whatd,1,2.70805020110221,2.70805020110221
7,marilyn,1,2.70805020110221,2.70805020110221
7,far,2,1.6094379124341003,3.2188758248682006
12,far,3,1.6094379124341003,4.828313737302301
15,far,1,1.6094379124341003,1.6094379124341003
7,souls,1,2.70805020110221,2.70805020110221
7,macbeth,1,2.70805020110221,2.70805020110221
7,field,1,2.70805020110221,2.70805020110221
8,caught,8,2.70805020110221,21.66440160881768
11,hollow,2,2.70805020110221,5.41610040220442
12,fingers,1,2.70805020110221,2.70805020110221
13,room,1,2.70805020110221,2.70805020110221
13,bones,1,2.70805020110221,2.70805020110221
1,afraid,1,2.0149030205422647,2.0149030205422647
8,afraid,1,2.0149030205422647,2.0149030205422647
1,it,1,0.22314355131420976,0.22314355131420976
2,it,1,0.22314355131420976,0.22314355131420976
3,it,8,0.22314355131420976,1.7851484105136781
4,it,8,0.22314355131420976,1.7851484105136781
5,it,1,0.22314355131420976,0.22314355131420976
6,it,28,0.22314355131420976,6.248019436797874
7,it,26,0.22314355131420976,5.801732334169454
9,it,5,0.22314355131420976,1.1157177565710488
10,it,2,0.22314355131420976,0.44628710262841953
11,it,2,0.22314355131420976,0.44628710262841953
12,it,1,0.22314355131420976,0.22314355131420976
14,it,2,0.22314355131420976,0.44628710262841953
1,under,5,0.9162907318741551,4.5814536593707755
6,under,1,0.9162907318741551,0.9162907318741551
7,under,1,0.9162907318741551,0.9162907318741551
8,under,2,0.9162907318741551,1.8325814637483102
9,under,1,0.9162907318741551,0.9162907318741551
15,under,1,0.9162907318741551,0.9162907318741551
1,youve,1,2.70805020110221,2.70805020110221
2,north,2,2.70805020110221,5.41610040220442
2,breast,1,2.70805020110221,2.70805020110221
3,feet,1,2.70805020110221,2.70805020110221
4,strong,1,2.0149030205422647,2.0149030205422647
5,strong,1,2.0149030205422647,2.0149030205422647
4,not,1,0.7621400520468967,0.7621400520468967
5,not,1,0.7621400520468967,0.7621400520468967
6,not,4,0.7621400520468967,3.048560208187587
7,not,2,0.7621400520468967,1.5242801040937934
11,not,2,0.7621400520468967,1.5242801040937934
12,not,3,0.7621400520468967,2.2864201561406903
15,not,1,0.7621400520468967,0.7621400520468967
5,body,1,2.0149030205422647,2.0149030205422647
7,body,1,2.0149030205422647,2.0149030205422647
5,sands,1,2.70805020110221,2.70805020110221
6,straighten,1,2.70805020110221,2.70805020110221
6,miss,2,2.0149030205422647,4.029806041084529
7,miss,2,2.0149030205422647,4.029806041084529
6,deep,1,1.6094379124341003,1.6094379124341003
7,deep,2,1.6094379124341003,3.2188758248682006
9,deep,1,1.6094379124341003,1.6094379124341003
6,beautiful,1,2.70805020110221,2.70805020110221
6,control,1,2.0149030205422647,2.0149030205422647
8,control,1,2.0149030205422647,2.0149030205422647
6,buy,3,2.70805020110221,8.12415060330663
6,forget,1,2.70805020110221,2.70805020110221
6,ring,3,2.70805020110221,8.12415060330663
6,diamond,1,2.70805020110221,2.70805020110221
7,cement,1,2.70805020110221,2.70805020110221
7,president,2,2.70805020110221,5.41610040220442
7,underpass,1,2.70805020110221,2.70805020110221
7,show,1,2.70805020110221,2.70805020110221
7,tommy,1,2.70805020110221,2.70805020110221
7,riding,1,2.70805020110221,2.70805020110221
7,wife,1,2.70805020110221,2.70805020110221
7,vile,1,2.70805020110221,2.70805020110221
7,twice,1,2.70805020110221,2.70805020110221
7,jack,3,2.70805020110221,8.12415060330663
7,speaking,1,2.70805020110221,2.70805020110221
7,court,1,2.70805020110221,2.70805020110221
7,club,1,2.70805020110221,2.70805020110221
7,pastor,1,2.70805020110221,2.70805020110221
7,harold,1,2.70805020110221,2.70805020110221
7,lord,1,2.70805020110221,2.70805020110221
8,tired,6,2.70805020110221,16.24830120661326
9,piece,1,2.70805020110221,2.70805020110221
9,fit,1,2.70805020110221,2.70805020110221
10,easy,1,2.70805020110221,2.70805020110221
10,makin,1,2.70805020110221,2.70805020110221
11,began,1,2.70805020110221,2.70805020110221
11,held,3,2.70805020110221,8.12415060330663
1,alight,1,2.70805020110221,2.70805020110221
1,now,12,0.9162907318741551,10.995488782489861
4,now,8,0.9162907318741551,7.330325854993241
5,now,1,0.9162907318741551,0.9162907318741551
6,now,7,0.9162907318741551,6.414035123119086
10,now,4,0.9162907318741551,3.6651629274966204
14,now,1,0.9162907318741551,0.9162907318741551
1,i,1,0.0,0.0
2,i,1,0.0,0.0
3,i,12,0.0,0.0
4,i,23,0.0,0.0
5,i,15,0.0,0.0
6,i,23,0.0,0.0
7,i,7,0.0,0.0
8,i,16,0.0,0.0
9,i,7,0.0,0.0
10,i,5,0.0,0.0
11,i,47,0.0,0.0
12,i,12,0.0,0.0
13,i,9,0.0,0.0
14,i,18,0.0,0.0
15,i,10,0.0,0.0
3,after,1,1.3217558399823195,1.3217558399823195
5,after,1,1.3217558399823195,1.3217558399823195
7,after,1,1.3217558399823195,1.3217558399823195
12,after,6,1.3217558399823195,7.9305350398939165
3,felt,1,1.6094379124341003,1.6094379124341003
6,felt,1,1.6094379124341003,1.6094379124341003
12,felt,1,1.6094379124341003,1.6094379124341003
3,world,1,0.9162907318741551,0.9162907318741551
5,world,3,0.9162907318741551,2.7488721956224653
6,world,2,0.9162907318741551,1.8325814637483102
12,world,1,0.9162907318741551,0.9162907318741551
13,world,1,0.9162907318741551,0.9162907318741551
15,world,1,0.9162907318741551,0.9162907318741551
3,typical,1,2.70805020110221,2.70805020110221
4,embarrassing,1,2.70805020110221,2.70805020110221
6,got,3,0.9162907318741551,2.7488721956224653
7,got,7,0.9162907318741551,6.414035123119086
9,got,1,0.9162907318741551,0.9162907318741551
10,got,2,0.9162907318741551,1.8325814637483102
11,got,2,0.9162907318741551,1.8325814637483102
12,got,3,0.9162907318741551,2.7488721956224653
6,daddys,8,2.70805020110221,21.66440160881768
6,just,8,0.6286086594223741,5.028869275378993
7,just,2,0.6286086594223741,1.2572173188447482
8,just,5,0.6286086594223741,3.1430432971118707
9,just,2,0.6286086594223741,1.2572173188447482
11,just,1,0.6286086594223741,0.6286086594223741
12,just,4,0.6286086594223741,2.5144346376894964
14,just,4,0.6286086594223741,2.5144346376894964
15,just,4,0.6286086594223741,2.5144346376894964
6,hush,2,2.0149030205422647,4.029806041084529
7,hush,1,2.0149030205422647,2.0149030205422647
6,lady,2,2.0149030205422647,4.029806041084529
7,lady,2,2.0149030205422647,4.029806041084529
6,seeing,1,2.70805020110221,2.70805020110221
7,good,5,2.0149030205422647,10.074515102711324
15,good,3,2.0149030205422647,6.0447090616267936
7,sacrificial,1,2.70805020110221,2.70805020110221
7,shock,1,2.70805020110221,2.70805020110221
7,watching,1,2.70805020110221,2.70805020110221
7,ferry,1,2.70805020110221,2.70805020110221
7,boy,3,2.70805020110221,8.12415060330663
7,mouth,1,2.70805020110221,2.70805020110221
7,last,1,1.6094379124341003,1.6094379124341003
13,last,1,1.6094379124341003,1.6094379124341003
14,last,1,1.6094379124341003,1.6094379124341003
7,parkland,1,2.70805020110221,2.70805020110221
7,filled,1,2.70805020110221,2.70805020110221
7,killed,5,2.70805020110221,13.54025100551105
7,sacrifice,1,2.70805020110221,2.70805020110221
7,sworn,1,2.70805020110221,2.70805020110221
7,past,1,2.70805020110221,2.70805020110221
7,carl,1,2.70805020110221,2.70805020110221
7,9,1,2.70805020110221,2.70805020110221
7,merchant,1,2.70805020110221,2.70805020110221
7,dumbartons,1,2.70805020110221,2.70805020110221
9,ripped,2,2.70805020110221,5.41610040220442
9,necklace,1,2.70805020110221,2.70805020110221
10,round,1,2.70805020110221,2.70805020110221
14,sore,1,2.70805020110221,2.70805020110221
1,fade,1,2.70805020110221,2.70805020110221
1,see,1,0.9162907318741551,0.9162907318741551
2,see,3,0.9162907318741551,2.7488721956224653
6,see,10,0.9162907318741551,9.162907318741551
7,see,1,0.9162907318741551,0.9162907318741551
8,see,1,0.9162907318741551,0.9162907318741551
15,see,2,0.9162907318741551,1.8325814637483102
1,fantasy,1,2.70805020110221,2.70805020110221
1,me,2,0.06899287148695142,0.13798574297390284
2,me,4,0.06899287148695142,0.2759714859478057
3,me,3,0.06899287148695142,0.20697861446085425
4,me,3,0.06899287148695142,0.20697861446085425
5,me,7,0.06899287148695142,0.48295010040865993
6,me,8,0.06899287148695142,0.5519429718956114
7,me,19,0.06899287148695142,1.310864558252077
8,me,9,0.06899287148695142,0.6209358433825628
9,me,16,0.06899287148695142,1.1038859437912227
10,me,4,0.06899287148695142,0.2759714859478057
11,me,4,0.06899287148695142,0.2759714859478057
13,me,18,0.06899287148695142,1.2418716867651256
14,me,4,0.06899287148695142,0.2759714859478057
15,me,36,0.06899287148695142,2.483743373530251
1,met,1,1.6094379124341003,1.6094379124341003
6,met,1,1.6094379124341003,1.6094379124341003
12,met,1,1.6094379124341003,1.6094379124341003
1,eternal,1,2.70805020110221,2.70805020110221
1,alive,1,1.0986122886681098,1.0986122886681098
5,alive,4,1.0986122886681098,4.394449154672439
7,alive,1,1.0986122886681098,1.0986122886681098
9,alive,1,1.0986122886681098,1.0986122886681098
15,alive,1,1.0986122886681098,1.0986122886681098
1,on,1,0.31015492830383945,0.31015492830383945
2,on,2,0.31015492830383945,0.6203098566076789
4,on,5,0.31015492830383945,1.5507746415191972
5,on,1,0.31015492830383945,0.31015492830383945
6,on,8,0.31015492830383945,2.4812394264307156
7,on,17,0.31015492830383945,5.272633781165271
9,on,1,0.31015492830383945,0.31015492830383945
10,on,1,0.31015492830383945,0.31015492830383945
11,on,2,0.31015492830383945,0.6203098566076789
12,on,5,0.31015492830383945,1.5507746415191972
13,on,3,0.31015492830383945,0.9304647849115184
3,such,1,2.70805020110221,2.70805020110221
3,dont,3,0.6286086594223741,1.8858259782671223
5,dont,1,0.6286086594223741,0.6286086594223741
6,dont,10,0.6286086594223741,6.286086594223741
7,dont,7,0.6286086594223741,4.400260615956618
8,dont,1,0.6286086594223741,0.6286086594223741
12,dont,3,0.6286086594223741,1.8858259782671223
13,dont,8,0.6286086594223741,5.028869275378993
14,dont,2,0.6286086594223741,1.2572173188447482
3,nothing,1,1.3217558399823195,1.3217558399823195
4,nothing,2,1.3217558399823195,2.643511679964639
5,nothing,1,1.3217558399823195,1.3217558399823195
11,nothing,5,1.3217558399823195,6.608779199911598
4,should,2,1.3217558399823195,2.643511679964639
9,should,1,1.3217558399823195,1.3217558399823195
12,should,3,1.3217558399823195,3.9652675199469583
14,should,2,1.3217558399823195,2.643511679964639
5,watched,2,2.70805020110221,5.41610040220442
5,dead,1,2.0149030205422647,2.0149030205422647
7,dead,2,2.0149030205422647,4.029806041084529
6,daddy,10,2.70805020110221,27.0805020110221
6,destiny,1,2.70805020110221,2.70805020110221
6,hold,2,0.9162907318741551,1.8325814637483102
7,hold,2,0.9162907318741551,1.8325814637483102
9,hold,2,0.9162907318741551,1.8325814637483102
12,hold,1,0.9162907318741551,0.9162907318741551
13,hold,3,0.9162907318741551,2.7488721956224653
15,hold,12,0.9162907318741551,10.995488782489861
6,food,1,2.70805020110221,2.70805020110221
6,sisters,1,2.70805020110221,2.70805020110221
7,come,2,1.6094379124341003,3.2188758248682006
9,come,6,1.6094379124341003,9.656627474604601
13,come,7,1.6094379124341003,11.266065387038703
7,respect,1,2.70805020110221,2.70805020110221
7,place,3,2.0149030205422647,6.0447090616267936
14,place,5,2.0149030205422647,10.074515102711324
7,saw,1,2.70805020110221,2.70805020110221
7,front,2,2.0149030205422647,4.029806041084529
8,front,1,2.0149030205422647,2.0149030205422647
7,everyones,1,2.70805020110221,2.70805020110221
7,mersey,1,2.70805020110221,2.70805020110221
7,acid,1,2.70805020110221,2.70805020110221
7,black,1,2.70805020110221,2.70805020110221
7,next,1,2.0149030205422647,2.0149030205422647
9,next,1,2.0149030205422647,2.0149030205422647
7,fifty,1,2.70805020110221,2.70805020110221
7,lets,2,2.0149030205422647,4.029806041084529
13,lets,2,2.0149030205422647,4.029806041084529
7,towel,1,2.70805020110221,2.70805020110221
7,torn,1,2.70805020110221,2.70805020110221
7,misunderstood,1,2.70805020110221,2.70805020110221
7,feeling,1,2.0149030205422647,2.0149030205422647
8,feeling,1,2.0149030205422647,2.0149030205422647
7,henley,1,2.70805020110221,2.70805020110221
7,gower,1,2.70805020110221,2.70805020110221
7,pink,1,2.70805020110221,2.70805020110221
7,peterson,1,2.70805020110221,2.70805020110221
7,keaton,1,2.70805020110221,2.70805020110221
7,second,1,2.0149030205422647,2.0149030205422647
8,second,1,2.0149030205422647,2.0149030205422647
7,key,1,2.70805020110221,2.70805020110221
8,waste,1,2.70805020110221,2.70805020110221
9,makes,1,2.0149030205422647,2.0149030205422647
14,makes,1,2.0149030205422647,2.0149030205422647
9,forever,2,2.0149030205422647,4.029806041084529
12,forever,1,2.0149030205422647,2.0149030205422647
2,when,2,0.4054651081081644,0.8109302162163288
3,when,4,0.4054651081081644,1.6218604324326575
4,when,4,0.4054651081081644,1.6218604324326575
6,when,10,0.4054651081081644,4.054651081081644
7,when,3,0.4054651081081644,1.2163953243244932
9,when,4,0.4054651081081644,1.6218604324326575
10,when,9,0.4054651081081644,3.6491859729734797
11,when,1,0.4054651081081644,0.4054651081081644
12,when,1,0.4054651081081644,0.4054651081081644
15,when,31,0.4054651081081644,12.569418351353097
2,hanging,1,2.70805020110221,2.70805020110221
3,like,1,0.9162907318741551,0.9162907318741551
6,like,6,0.9162907318741551,5.497744391244931
7,like,5,0.9162907318741551,4.5814536593707755
8,like,7,0.9162907318741551,6.414035123119086
11,like,5,0.9162907318741551,4.5814536593707755
14,like,8,0.9162907318741551,7.330325854993241
4,shout,3,2.70805020110221,8.12415060330663
4,open,2,2.70805020110221,5.41610040220442
5,holding,4,1.6094379124341003,6.437751649736401
8,holding,1,1.6094379124341003,1.6094379124341003
9,holding,2,1.6094379124341003,3.2188758248682006
5,let,1,0.6286086594223741,0.6286086594223741
7,let,4,0.6286086594223741,2.5144346376894964
9,let,2,0.6286086594223741,1.2572173188447482
10,let,1,0.6286086594223741,0.6286086594223741
11,let,4,0.6286086594223741,2.5144346376894964
12,let,3,0.6286086594223741,1.8858259782671223
14,let,2,0.6286086594223741,1.2572173188447482
15,let,3,0.6286086594223741,1.8858259782671223
6,maybe,1,1.6094379124341003,1.6094379124341003
7,maybe,1,1.6094379124341003,1.6094379124341003
15,maybe,5,1.6094379124341003,8.047189562170502
6,pretty,3,2.0149030205422647,6.0447090616267936
7,pretty,1,2.0149030205422647,2.0149030205422647
6,wrapped,1,2.70805020110221,2.70805020110221
6,start,1,2.0149030205422647,2.0149030205422647
12,start,1,2.0149030205422647,2.0149030205422647
6,seemed,1,2.70805020110221,2.70805020110221
6,chalmers,1,2.70805020110221,2.70805020110221
6,birdies,1,2.70805020110221,2.70805020110221
7,63,1,2.70805020110221,2.70805020110221
7,live,2,2.70805020110221,5.41610040220442
7,broad,1,2.70805020110221,2.70805020110221
7,wolfman,5,2.70805020110221,13.54025100551105
7,three,1,2.70805020110221,2.70805020110221
7,queen,1,2.70805020110221,2.70805020110221
7,limousine,1,2.70805020110221,2.70805020110221
7,kind,1,2.70805020110221,2.70805020110221
7,gun,1,2.70805020110221,2.70805020110221
7,lungs,1,2.70805020110221,2.70805020110221
7,cadillac,1,2.70805020110221,2.70805020110221
7,owner,1,2.70805020110221,2.70805020110221
7,avenue,1,2.70805020110221,2.70805020110221
7,explode,1,2.70805020110221,2.70805020110221
7,master,1,2.70805020110221,2.70805020110221
7,twelve,1,2.70805020110221,2.70805020110221
7,listening,1,2.70805020110221,2.70805020110221
7,june,1,2.70805020110221,2.70805020110221
7,harp,1,2.70805020110221,2.70805020110221
12,recount,1,2.70805020110221,2.70805020110221
1,running,2,2.0149030205422647,4.029806041084529
3,running,1,2.0149030205422647,2.0149030205422647
2,lives,2,2.70805020110221,5.41610040220442
3,that,10,0.4054651081081644,4.054651081081644
6,that,13,0.4054651081081644,5.271046405406137
7,that,15,0.4054651081081644,6.0819766216224656
8,that,4,0.4054651081081644,1.6218604324326575
9,that,4,0.4054651081081644,1.6218604324326575
10,that,1,0.4054651081081644,0.4054651081081644
11,that,3,0.4054651081081644,1.2163953243244932
12,that,5,0.4054651081081644,2.027325540540822
14,that,9,0.4054651081081644,3.6491859729734797
15,that,4,0.4054651081081644,1.6218604324326575
3,healing,1,2.70805020110221,2.70805020110221
3,your,3,0.31015492830383945,0.9304647849115184
4,your,1,0.31015492830383945,0.31015492830383945
5,your,2,0.31015492830383945,0.6203098566076789
6,your,9,0.31015492830383945,2.791394354734555
7,your,12,0.31015492830383945,3.7218591396460736
8,your,1,0.31015492830383945,0.31015492830383945
9,your,5,0.31015492830383945,1.5507746415191972
10,your,2,0.31015492830383945,0.6203098566076789
12,your,3,0.31015492830383945,0.9304647849115184
13,your,7,0.31015492830383945,2.171084498126876
15,your,4,0.31015492830383945,1.2406197132153578
3,doesnt,3,2.70805020110221,8.12415060330663
4,had,3,1.0986122886681098,3.295836866004329
5,had,1,1.0986122886681098,1.0986122886681098
6,had,8,1.0986122886681098,8.788898309344878
11,had,2,1.0986122886681098,2.1972245773362196
14,had,1,1.0986122886681098,1.0986122886681098
4,hoped,3,2.70805020110221,8.12415060330663
5,might,4,2.70805020110221,10.83220080440884
6,sense,1,2.0149030205422647,2.0149030205422647
12,sense,2,2.0149030205422647,4.029806041084529
6,little,8,2.0149030205422647,16.119224164338117
7,little,2,2.0149030205422647,4.029806041084529
6,mom,4,2.70805020110221,10.83220080440884
6,life,1,2.0149030205422647,2.0149030205422647
15,life,1,2.0149030205422647,2.0149030205422647
6,being,1,1.6094379124341003,1.6094379124341003
7,being,1,1.6094379124341003,1.6094379124341003
8,being,3,1.6094379124341003,4.828313737302301
6,some,1,1.6094379124341003,1.6094379124341003
7,some,2,1.6094379124341003,3.2188758248682006
12,some,4,1.6094379124341003,6.437751649736401
6,whole,1,2.70805020110221,2.70805020110221
7,car,1,2.70805020110221,2.70805020110221
7,timing,2,2.70805020110221,5.41610040220442
7,thousands,1,2.70805020110221,2.70805020110221
7,howl,1,2.70805020110221,2.70805020110221
7,altamont,1,2.70805020110221,2.70805020110221
7,behind,2,2.70805020110221,5.41610040220442
7,been,3,2.0149030205422647,6.0447090616267936
12,been,1,2.0149030205422647,2.0149030205422647
7,brain,1,2.70805020110221,2.70805020110221
7,radio,1,2.70805020110221,2.70805020110221
7,antichrist,1,2.70805020110221,2.70805020110221
8,walking,1,2.70805020110221,2.70805020110221
8,fallen,1,2.70805020110221,2.70805020110221
9,closing,2,2.70805020110221,5.41610040220442
9,okay,2,2.70805020110221,5.41610040220442
11,negativity,1,2.70805020110221,2.70805020110221
13,sleepin,1,2.70805020110221,2.70805020110221
2,night,1,1.0986122886681098,1.0986122886681098
6,night,3,1.0986122886681098,3.295836866004329
7,night,3,1.0986122886681098,3.295836866004329
10,night,5,1.0986122886681098,5.493061443340549
12,night,1,1.0986122886681098,1.0986122886681098
3,happened,1,1.6094379124341003,1.6094379124341003
6,happened,1,1.6094379124341003,1.6094379124341003
7,happened,2,1.6094379124341003,3.2188758248682006
3,secret,1,2.70805020110221,2.70805020110221
4,them,10,1.6094379124341003,16.094379124341003
6,them,1,1.6094379124341003,1.6094379124341003
7,them,2,1.6094379124341003,3.2188758248682006
4,promises,1,2.70805020110221,2.70805020110221
4,wear,1,2.70805020110221,2.70805020110221
5,secrets,1,2.0149030205422647,2.0149030205422647
15,secrets,1,2.0149030205422647,2.0149030205422647
5,whoawhoa…,1,2.70805020110221,2.70805020110221
6,give,2,1.6094379124341003,3.2188758248682006
7,give,2,1.6094379124341003,3.2188758248682006
15,give,3,1.6094379124341003,4.828313737302301
6,tears,1,2.0149030205422647,2.0149030205422647
13,tears,8,2.0149030205422647,16.119224164338117
6,daze,1,2.70805020110221,2.70805020110221
6,mommy,1,2.70805020110221,2.70805020110221
6,sat,1,2.70805020110221,2.70805020110221
6,block,1,2.70805020110221,2.70805020110221
6,tryma,1,2.70805020110221,2.70805020110221
6,understand,1,2.0149030205422647,2.0149030205422647
7,understand,1,2.0149030205422647,2.0149030205422647
7,lamb,1,2.70805020110221,2.70805020110221
7,charlie,2,2.70805020110221,5.41610040220442
7,damn,1,1.6094379124341003,1.6094379124341003
10,damn,1,1.6094379124341003,1.6094379124341003
15,damn,1,1.6094379124341003,1.6094379124341003
7,tulsa,1,2.70805020110221,2.70805020110221
7,junk,2,2.70805020110221,5.41610040220442
7,floyd,1,2.70805020110221,2.70805020110221
8,pressure,1,2.70805020110221,2.70805020110221
8,becoming,3,2.70805020110221,8.12415060330663
8,tightly,1,2.70805020110221,2.70805020110221
9,mend,1,2.70805020110221,2.70805020110221
9,sixth,1,2.70805020110221,2.70805020110221
10,turns,1,2.70805020110221,2.70805020110221
11,believe,1,2.70805020110221,2.70805020110221
11,justify,1,2.70805020110221,2.70805020110221
12,wonder,6,2.70805020110221,16.24830120661326
13,walks,3,2.70805020110221,8.12415060330663
1,atlantis,2,2.70805020110221,5.41610040220442
1,what,1,0.6286086594223741,0.6286086594223741
4,what,2,0.6286086594223741,1.2572173188447482
5,what,1,0.6286086594223741,0.6286086594223741
6,what,3,0.6286086594223741,1.8858259782671223
7,what,5,0.6286086594223741,3.1430432971118707
8,what,4,0.6286086594223741,2.5144346376894964
11,what,5,0.6286086594223741,3.1430432971118707
14,what,2,0.6286086594223741,1.2572173188447482
2,she,4,1.3217558399823195,5.287023359929278
7,she,1,1.3217558399823195,1.3217558399823195
10,she,3,1.3217558399823195,3.9652675199469583
13,she,9,1.3217558399823195,11.895802559840876
2,from,2,0.9162907318741551,1.8325814637483102
3,from,6,0.9162907318741551,5.497744391244931
4,from,3,0.9162907318741551,2.7488721956224653
6,from,2,0.9162907318741551,1.8325814637483102
7,from,2,0.9162907318741551,1.8325814637483102
11,from,1,0.9162907318741551,0.9162907318741551
3,over,1,1.0986122886681098,1.0986122886681098
6,over,1,1.0986122886681098,1.0986122886681098
7,over,2,1.0986122886681098,2.1972245773362196
12,over,3,1.0986122886681098,3.295836866004329
13,over,1,1.0986122886681098,1.0986122886681098
3,between,1,1.6094379124341003,1.6094379124341003
6,between,1,1.6094379124341003,1.6094379124341003
14,between,1,1.6094379124341003,1.6094379124341003
3,well,1,1.3217558399823195,1.3217558399823195
5,well,4,1.3217558399823195,5.287023359929278
6,well,1,1.3217558399823195,1.3217558399823195
7,well,4,1.3217558399823195,5.287023359929278
4,with,1,0.6286086594223741,0.6286086594223741
5,with,5,0.6286086594223741,3.1430432971118707
6,with,3,0.6286086594223741,1.8858259782671223
7,with,3,0.6286086594223741,1.8858259782671223
8,with,1,0.6286086594223741,0.6286086594223741
9,with,2,0.6286086594223741,1.2572173188447482
11,with,1,0.6286086594223741,0.6286086594223741
13,with,2,0.6286086594223741,1.2572173188447482
5,ease,1,2.70805020110221,2.70805020110221
5,somewhere,1,1.6094379124341003,1.6094379124341003
11,somewhere,6,1.6094379124341003,9.656627474604601
15,somewhere,1,1.6094379124341003,1.6094379124341003
5,moon,2,2.0149030205422647,4.029806041084529
7,moon,1,2.0149030205422647,2.0149030205422647
5,hand,4,1.3217558399823195,5.287023359929278
6,hand,1,1.3217558399823195,1.3217558399823195
7,hand,1,1.3217558399823195,1.3217558399823195
12,hand,1,1.3217558399823195,1.3217558399823195
5,whoawhoa,2,2.0149030205422647,4.029806041084529
15,whoawhoa,1,2.0149030205422647,2.0149030205422647
6,puzzled,1,2.70805020110221,2.70805020110221
6,gotten,1,2.70805020110221,2.70805020110221
6,teenagers,1,2.70805020110221,2.70805020110221
6,novara,1,2.70805020110221,2.70805020110221
6,grown,1,2.70805020110221,2.70805020110221
6,wow,1,2.70805020110221,2.70805020110221
7,lefthand,1,2.70805020110221,2.70805020110221
7,scarlett,1,2.70805020110221,2.70805020110221
7,old,3,2.70805020110221,8.12415060330663
7,seat,1,2.70805020110221,2.70805020110221
7,begun,1,2.70805020110221,2.70805020110221
7,force,1,2.70805020110221,2.70805020110221
7,thirtysix,1,2.70805020110221,2.70805020110221
7,thelonious,1,2.70805020110221,2.70805020110221
7,terry,1,2.70805020110221,2.70805020110221
7,bloodstained,1,2.70805020110221,2.70805020110221
10,cause…,1,2.70805020110221,2.70805020110221
10,stay,3,2.70805020110221,8.12415060330663
11,gain,1,2.70805020110221,2.70805020110221
11,wounds,1,2.70805020110221,2.70805020110221
12,butterflies,3,2.70805020110221,8.12415060330663
12,those,1,2.70805020110221,2.70805020110221
13,wrong,6,2.0149030205422647,12.089418123253587
15,wrong,6,2.0149030205422647,12.089418123253587
13,conscience,9,2.70805020110221,24.37245180991989
13,hopin,1,2.70805020110221,2.70805020110221
15,part,2,2.70805020110221,5.41610040220442
1,is,1,0.14310084364067324,0.14310084364067324
2,is,1,0.14310084364067324,0.14310084364067324
4,is,13,0.14310084364067324,1.8603109673287521
6,is,1,0.14310084364067324,0.14310084364067324
7,is,5,0.14310084364067324,0.7155042182033662
8,is,6,0.14310084364067324,0.8586050618440395
9,is,1,0.14310084364067324,0.14310084364067324
10,is,2,0.14310084364067324,0.2862016872813465
11,is,6,0.14310084364067324,0.8586050618440395
12,is,1,0.14310084364067324,0.14310084364067324
13,is,2,0.14310084364067324,0.2862016872813465
14,is,2,0.14310084364067324,0.2862016872813465
15,is,2,0.14310084364067324,0.2862016872813465
1,silence,1,2.70805020110221,2.70805020110221
2,her,5,1.3217558399823195,6.608779199911598
7,her,1,1.3217558399823195,1.3217558399823195
10,her,4,1.3217558399823195,5.287023359929278
13,her,10,1.3217558399823195,13.217558399823195
3,heal,1,1.3217558399823195,1.3217558399823195
9,heal,1,1.3217558399823195,1.3217558399823195
11,heal,8,1.3217558399823195,10.574046719858556
13,heal,1,1.3217558399823195,1.3217558399823195
3,thousand,5,2.0149030205422647,10.074515102711324
6,thousand,1,2.0149030205422647,2.0149030205422647
3,ooh,3,2.70805020110221,8.12415060330663
4,forgot,1,2.70805020110221,2.70805020110221
4,line,3,2.0149030205422647,6.0447090616267936
14,line,1,2.0149030205422647,2.0149030205422647
4,worst,1,2.0149030205422647,2.0149030205422647
12,worst,3,2.0149030205422647,6.0447090616267936
5,crazy,4,2.0149030205422647,8.059612082169059
6,crazy,3,2.0149030205422647,6.0447090616267936
6,sometimes,1,2.0149030205422647,2.0149030205422647
9,sometimes,2,2.0149030205422647,4.029806041084529
6,plan,1,2.70805020110221,2.70805020110221
6,wake,1,2.0149030205422647,2.0149030205422647
7,wake,1,2.0149030205422647,2.0149030205422647
6,why,2,2.70805020110221,5.41610040220442
6,presents,1,2.70805020110221,2.70805020110221
6,couldnt,1,2.70805020110221,2.70805020110221
6,college,1,2.70805020110221,2.70805020110221
7,die,2,1.3217558399823195,2.643511679964639
9,die,1,1.3217558399823195,1.3217558399823195
10,die,1,1.3217558399823195,1.3217558399823195
14,die,1,1.3217558399823195,1.3217558399823195
7,quick,1,2.70805020110221,2.70805020110221
7,perfectly,1,2.70805020110221,2.70805020110221
7,murder,4,2.70805020110221,10.83220080440884
7,near,1,2.70805020110221,2.70805020110221
7,pour,1,2.70805020110221,2.70805020110221
7,mr,4,2.70805020110221,10.83220080440884
7,step,1,2.0149030205422647,2.0149030205422647
8,step,2,2.0149030205422647,4.029806041084529
7,invisible,1,2.70805020110221,2.70805020110221
7,goodbye,2,2.70805020110221,5.41610040220442
7,lie,1,2.0149030205422647,2.0149030205422647
14,lie,1,2.0149030205422647,2.0149030205422647
7,yours,1,2.70805020110221,2.70805020110221
7,hung,1,2.70805020110221,2.70805020110221
7,named,1,2.70805020110221,2.70805020110221
7,glenn,1,2.70805020110221,2.70805020110221
7,touched,1,2.70805020110221,2.70805020110221
7,none,1,2.70805020110221,2.70805020110221
8,than,1,2.70805020110221,2.70805020110221
9,memories,2,2.70805020110221,5.41610040220442
10,wouldnt,1,2.70805020110221,2.70805020110221
11,vacancy,1,2.70805020110221,2.70805020110221
12,count,1,2.70805020110221,2.70805020110221
13,fuckin,3,2.70805020110221,8.12415060330663
13,anybody,3,2.70805020110221,8.12415060330663
14,tick,1,2.70805020110221,2.70805020110221
14,look,2,2.70805020110221,5.41610040220442
1,were,2,0.7621400520468967,1.5242801040937934
3,were,1,0.7621400520468967,0.7621400520468967
4,were,1,0.7621400520468967,0.7621400520468967
6,were,4,0.7621400520468967,3.048560208187587
7,were,4,0.7621400520468967,3.048560208187587
8,were,1,0.7621400520468967,0.7621400520468967
9,were,2,0.7621400520468967,1.5242801040937934
1,light,1,2.0149030205422647,2.0149030205422647
15,light,1,2.0149030205422647,2.0149030205422647
1,waters,1,2.70805020110221,2.70805020110221
3,much,1,1.3217558399823195,1.3217558399823195
6,much,3,1.3217558399823195,3.9652675199469583
8,much,3,1.3217558399823195,3.9652675199469583
10,much,1,1.3217558399823195,1.3217558399823195
3,how,2,1.0986122886681098,2.1972245773362196
6,how,3,1.0986122886681098,3.295836866004329
9,how,1,1.0986122886681098,1.0986122886681098
12,how,3,1.0986122886681098,3.295836866004329
14,how,2,1.0986122886681098,2.1972245773362196
3,million,1,2.0149030205422647,2.0149030205422647
7,million,1,2.0149030205422647,2.0149030205422647
4,careless,1,2.70805020110221,2.70805020110221
5,lying,1,2.70805020110221,2.70805020110221
5,youll,1,2.0149030205422647,2.0149030205422647
7,youll,1,2.0149030205422647,2.0149030205422647
5,yea,1,2.0149030205422647,2.0149030205422647
15,yea,1,2.0149030205422647,2.0149030205422647
6,hailie,1,2.70805020110221,2.70805020110221
6,here,7,1.6094379124341003,11.266065387038703
7,here,1,1.6094379124341003,1.6094379124341003
15,here,6,1.6094379124341003,9.656627474604601
6,mamas,5,2.70805020110221,13.54025100551105
6,stole,1,2.70805020110221,2.70805020110221
6,moment,1,2.70805020110221,2.70805020110221
7,and a,1,2.70805020110221,2.70805020110221
7,minute,1,2.70805020110221,2.70805020110221
7,trick,1,2.70805020110221,2.70805020110221
7,lead,1,2.70805020110221,2.70805020110221
7,film,1,2.70805020110221,2.70805020110221
7,decide,1,2.70805020110221,2.70805020110221
7,judgment,1,2.70805020110221,2.70805020110221
7,dooley,1,2.70805020110221,2.70805020110221
7,crime,1,2.70805020110221,2.70805020110221
9,frozen,2,2.70805020110221,5.41610040220442
11,imagined,1,2.70805020110221,2.70805020110221
11,else,1,2.70805020110221,2.70805020110221
1,out,1,0.6286086594223741,0.6286086594223741
3,out,2,0.6286086594223741,1.2572173188447482
4,out,1,0.6286086594223741,0.6286086594223741
6,out,2,0.6286086594223741,1.2572173188447482
7,out,3,0.6286086594223741,1.8858259782671223
10,out,1,0.6286086594223741,0.6286086594223741
11,out,1,0.6286086594223741,0.6286086594223741
14,out,1,0.6286086594223741,0.6286086594223741
1,wild,2,2.70805020110221,5.41610040220442
1,im,12,0.14310084364067324,1.717210123688079
2,im,1,0.14310084364067324,0.14310084364067324
3,im,8,0.14310084364067324,1.144806749125386
5,im,4,0.14310084364067324,0.572403374562693
6,im,5,0.14310084364067324,0.7155042182033662
7,im,7,0.14310084364067324,1.0017059054847126
8,im,6,0.14310084364067324,0.8586050618440395
9,im,1,0.14310084364067324,0.14310084364067324
10,im,23,0.14310084364067324,3.2913194037354847
11,im,6,0.14310084364067324,0.8586050618440395
12,im,21,0.14310084364067324,3.005117716454138
13,im,2,0.14310084364067324,0.2862016872813465
15,im,36,0.14310084364067324,5.151630371064237
2,freeze,1,2.70805020110221,2.70805020110221
2,hair,2,2.70805020110221,5.41610040220442
2,down,1,0.7621400520468967,0.7621400520468967
5,down,1,0.7621400520468967,0.7621400520468967
7,down,13,0.7621400520468967,9.907820676609658
10,down,1,0.7621400520468967,0.7621400520468967
11,down,1,0.7621400520468967,0.7621400520468967
14,down,1,0.7621400520468967,0.7621400520468967
15,down,3,0.7621400520468967,2.2864201561406903
3,ya,1,1.6094379124341003,1.6094379124341003
6,ya,5,1.6094379124341003,8.047189562170502
12,ya,1,1.6094379124341003,1.6094379124341003
3,we,2,0.9162907318741551,1.8325814637483102
4,we,3,0.9162907318741551,2.7488721956224653
6,we,14,0.9162907318741551,12.828070246238171
7,we,5,0.9162907318741551,4.5814536593707755
9,we,6,0.9162907318741551,5.497744391244931
12,we,4,0.9162907318741551,3.6651629274966204
3,theres,1,0.9162907318741551,0.9162907318741551
5,theres,1,0.9162907318741551,0.9162907318741551
7,theres,3,0.9162907318741551,2.7488721956224653
13,theres,6,0.9162907318741551,5.497744391244931
14,theres,1,0.9162907318741551,0.9162907318741551
15,theres,2,0.9162907318741551,1.8325814637483102
3,both,1,2.0149030205422647,2.0149030205422647
6,both,1,2.0149030205422647,2.0149030205422647
5,walk,1,1.6094379124341003,1.6094379124341003
7,walk,1,1.6094379124341003,1.6094379124341003
12,walk,1,1.6094379124341003,1.6094379124341003
5,dark,2,2.0149030205422647,4.029806041084529
7,dark,1,2.0149030205422647,2.0149030205422647
6,crying,3,2.70805020110221,8.12415060330663
6,backfires,1,2.70805020110221,2.70805020110221
6,fear,2,2.70805020110221,5.41610040220442
6,lived,1,2.70805020110221,2.70805020110221
6,kept,1,2.70805020110221,2.70805020110221
6,rollin,1,2.70805020110221,2.70805020110221
7,theyre,1,2.70805020110221,2.70805020110221
7,dressed,1,2.70805020110221,2.70805020110221
7,living,1,2.70805020110221,2.70805020110221
7,charity,1,2.70805020110221,2.70805020110221
7,afterlife,1,2.70805020110221,2.70805020110221
7,touch,1,2.0149030205422647,2.0149030205422647
10,touch,2,2.0149030205422647,4.029806041084529
7,new,2,2.70805020110221,5.41610040220442
7,wilson,1,2.70805020110221,2.70805020110221
7,dickey,1,2.70805020110221,2.70805020110221
7,nat,1,2.70805020110221,2.70805020110221
7,act,1,2.70805020110221,2.70805020110221
7,altar,1,2.70805020110221,2.70805020110221
7,rising,1,2.70805020110221,2.70805020110221
7,jelly,1,2.70805020110221,2.70805020110221
7,lucille,1,2.70805020110221,2.70805020110221
8,become,8,2.0149030205422647,16.119224164338117
14,become,1,2.0149030205422647,2.0149030205422647
10,change,1,2.70805020110221,2.70805020110221
10,shed,1,2.70805020110221,2.70805020110221
13,screamin,1,2.70805020110221,2.70805020110221
15,wants,3,2.70805020110221,8.12415060330663
1,faded,11,2.70805020110221,29.788552212124312
1,so,4,0.22314355131420976,0.8925742052568391
2,so,3,0.22314355131420976,0.6694306539426294
3,so,2,0.22314355131420976,0.44628710262841953
4,so,1,0.22314355131420976,0.22314355131420976
6,so,4,0.22314355131420976,0.8925742052568391
7,so,2,0.22314355131420976,0.44628710262841953
8,so,12,0.22314355131420976,2.6777226157705174
9,so,2,0.22314355131420976,0.44628710262841953
10,so,1,0.22314355131420976,0.22314355131420976
11,so,4,0.22314355131420976,0.8925742052568391
14,so,5,0.22314355131420976,1.1157177565710488
15,so,9,0.22314355131420976,2.008291961827888
2,wondering,1,2.0149030205422647,2.0149030205422647
3,wondering,1,2.0149030205422647,2.0149030205422647
3,its,3,0.6286086594223741,1.8858259782671223
6,its,5,0.6286086594223741,3.1430432971118707
7,its,9,0.6286086594223741,5.657477934801367
9,its,3,0.6286086594223741,1.8858259782671223
10,its,1,0.6286086594223741,0.6286086594223741
11,its,4,0.6286086594223741,2.5144346376894964
12,its,1,0.6286086594223741,0.6286086594223741
15,its,1,0.6286086594223741,0.6286086594223741
3,youd,1,2.0149030205422647,2.0149030205422647
5,youd,1,2.0149030205422647,2.0149030205422647
3,about,2,1.0986122886681098,2.1972245773362196
6,about,1,1.0986122886681098,1.0986122886681098
7,about,1,1.0986122886681098,1.0986122886681098
10,about,1,1.0986122886681098,1.0986122886681098
14,about,3,1.0986122886681098,3.295836866004329
3,be,4,0.31015492830383945,1.2406197132153578
4,be,3,0.31015492830383945,0.9304647849115184
5,be,7,0.31015492830383945,2.171084498126876
6,be,8,0.31015492830383945,2.4812394264307156
7,be,4,0.31015492830383945,1.2406197132153578
8,be,10,0.31015492830383945,3.1015492830383944
9,be,3,0.31015492830383945,0.9304647849115184
11,be,1,0.31015492830383945,0.31015492830383945
12,be,3,0.31015492830383945,0.9304647849115184
14,be,2,0.31015492830383945,0.6203098566076789
15,be,9,0.31015492830383945,2.791394354734555
3,fell,1,2.0149030205422647,2.0149030205422647
7,fell,1,2.0149030205422647,2.0149030205422647
3,outside,5,2.70805020110221,13.54025100551105
4,someone,2,1.0986122886681098,2.1972245773362196
6,someone,1,1.0986122886681098,1.0986122886681098
7,someone,2,1.0986122886681098,2.1972245773362196
8,someone,1,1.0986122886681098,1.0986122886681098
13,someone,3,1.0986122886681098,3.295836866004329
5,left,1,1.3217558399823195,1.3217558399823195
7,left,1,1.3217558399823195,1.3217558399823195
11,left,1,1.3217558399823195,1.3217558399823195
13,left,1,1.3217558399823195,1.3217558399823195
5,friend,1,2.70805020110221,2.70805020110221
6,baby,5,1.6094379124341003,8.047189562170502
9,baby,2,1.6094379124341003,3.2188758248682006
12,baby,4,1.6094379124341003,6.437751649736401
6,promise,2,2.70805020110221,5.41610040220442
6,funny,1,2.70805020110221,2.70805020110221
6,or,1,1.6094379124341003,1.6094379124341003
7,or,2,1.6094379124341003,3.2188758248682006
15,or,1,1.6094379124341003,1.6094379124341003
6,fast,1,2.70805020110221,2.70805020110221
6,first,1,1.6094379124341003,1.6094379124341003
7,first,1,1.6094379124341003,1.6094379124341003
12,first,1,1.6094379124341003,1.6094379124341003
6,proud,1,2.70805020110221,2.70805020110221
6,reminiscing,1,2.70805020110221,2.70805020110221
6,imma,4,2.70805020110221,10.83220080440884
6,shine,1,2.70805020110221,2.70805020110221
7,president kennedy,1,2.70805020110221,2.70805020110221
7,collect,1,2.70805020110221,2.70805020110221
7,surprise,1,2.70805020110221,2.70805020110221
7,aquarian,1,2.70805020110221,2.70805020110221
7,flag,1,2.70805020110221,2.70805020110221
7,shoot,3,2.70805020110221,8.12415060330663
7,piled,1,2.70805020110221,2.70805020110221
7,air,1,2.70805020110221,2.70805020110221
7,decay,1,2.70805020110221,2.70805020110221
7,monroe,1,2.70805020110221,2.70805020110221
7,twilight,1,2.70805020110221,2.70805020110221
7,jazz,1,2.70805020110221,2.70805020110221
7,odds,1,2.70805020110221,2.70805020110221
7,gods,1,2.70805020110221,2.70805020110221
7,stella,1,2.70805020110221,2.70805020110221
7,devil,1,2.70805020110221,2.70805020110221
7,memphis,1,2.70805020110221,2.70805020110221
8,undertow,8,2.70805020110221,21.66440160881768
9,easier,1,2.70805020110221,2.70805020110221
9,pages,2,2.70805020110221,5.41610040220442
12,deny,2,2.70805020110221,5.41610040220442
13,warmth,1,2.70805020110221,2.70805020110221
13,fadin,2,2.70805020110221,5.41610040220442
1,wanna,1,2.70805020110221,2.70805020110221
1,set,1,2.70805020110221,2.70805020110221
3,tell,6,0.9162907318741551,5.497744391244931
4,tell,10,0.9162907318741551,9.162907318741551
6,tell,1,0.9162907318741551,0.9162907318741551
7,tell,3,0.9162907318741551,2.7488721956224653
14,tell,2,0.9162907318741551,1.8325814637483102
15,tell,2,0.9162907318741551,1.8325814637483102
3,matter,3,2.0149030205422647,6.0447090616267936
7,matter,1,2.0149030205422647,2.0149030205422647
4,own,1,2.0149030205422647,2.0149030205422647
11,own,5,2.0149030205422647,10.074515102711324
6,may,3,1.6094379124341003,4.828313737302301
8,may,1,1.6094379124341003,1.6094379124341003
15,may,1,1.6094379124341003,1.6094379124341003
6,stiffen,3,2.70805020110221,8.12415060330663
6,sad,1,2.70805020110221,2.70805020110221
6,more,4,1.3217558399823195,5.287023359929278
7,more,3,1.3217558399823195,3.9652675199469583
8,more,7,1.3217558399823195,9.252290879876236
13,more,3,1.3217558399823195,3.9652675199469583
6,talkin,1,2.70805020110221,2.70805020110221
6,mockingbird,2,2.70805020110221,5.41610040220442
7,livin,1,2.70805020110221,2.70805020110221
7,cross,3,2.70805020110221,8.12415060330663
7,throat,1,2.70805020110221,2.70805020110221
7,leaning,1,2.70805020110221,2.70805020110221
7,hospital,1,2.70805020110221,2.70805020110221
7,lonesome,1,2.70805020110221,2.70805020110221
7,parker,1,2.70805020110221,2.70805020110221
7,bugsy,1,2.70805020110221,2.70805020110221
7,grave,1,2.70805020110221,2.70805020110221
7,drums,1,2.70805020110221,2.70805020110221
9,ourselves,2,2.70805020110221,5.41610040220442
10,thatd,1,2.70805020110221,2.70805020110221
11,nothingness,1,2.70805020110221,2.70805020110221
11,revealed,1,2.70805020110221,2.70805020110221
13,bloodshot,1,2.70805020110221,2.70805020110221
13,different,3,2.70805020110221,8.12415060330663
14,waiting,1,2.70805020110221,2.70805020110221
15,hide,1,2.70805020110221,2.70805020110221
15,roaming,1,2.70805020110221,2.70805020110221
15,fighting,1,2.70805020110221,2.70805020110221
1,all,1,0.31015492830383945,0.31015492830383945
2,all,2,0.31015492830383945,0.6203098566076789
3,all,1,0.31015492830383945,0.31015492830383945
4,all,11,0.31015492830383945,3.411704211342234
5,all,2,0.31015492830383945,0.6203098566076789
6,all,9,0.31015492830383945,2.791394354734555
7,all,4,0.31015492830383945,1.2406197132153578
8,all,3,0.31015492830383945,0.9304647849115184
10,all,5,0.31015492830383945,1.5507746415191972
11,all,9,0.31015492830383945,2.791394354734555
12,all,12,0.31015492830383945,3.7218591396460736
3,town,1,2.70805020110221,2.70805020110221
4,hearts,1,2.0149030205422647,2.0149030205422647
9,hearts,2,2.0149030205422647,4.029806041084529
5,granted,1,2.70805020110221,2.70805020110221
6,robbed,1,2.70805020110221,2.70805020110221
6,startin,1,2.70805020110221,2.70805020110221
6,lot,1,2.70805020110221,2.70805020110221
6,moved,2,2.70805020110221,5.41610040220442
6,dre,1,2.70805020110221,2.70805020110221
6,id,1,1.3217558399823195,1.3217558399823195
7,id,1,1.3217558399823195,1.3217558399823195
11,id,1,1.3217558399823195,1.3217558399823195
15,id,3,1.3217558399823195,3.9652675199469583
6,sold,1,2.70805020110221,2.70805020110221
7,window,1,2.70805020110221,2.70805020110221
7,shoe,1,2.70805020110221,2.70805020110221
7,died,1,2.0149030205422647,2.0149030205422647
13,died,1,2.0149030205422647,2.0149030205422647
7,trap,1,2.70805020110221,2.70805020110221
7,thirtythree,1,2.70805020110221,2.70805020110221
7,238,1,2.70805020110221,2.70805020110221
7,play,61,2.70805020110221,165.19106226723483
7,betts,1,2.70805020110221,2.70805020110221
7,pepper,1,2.70805020110221,2.70805020110221
7,birdman,1,2.70805020110221,2.70805020110221
8,numb,5,2.70805020110221,13.54025100551105
8,less,3,2.70805020110221,8.12415060330663
9,pocket,2,2.70805020110221,5.41610040220442
13,somethin,3,2.70805020110221,8.12415060330663
13,visions,1,2.70805020110221,2.70805020110221
1,feel,1,0.5108256237659907,0.5108256237659907
5,feel,1,0.5108256237659907,0.5108256237659907
6,feel,2,0.5108256237659907,1.0216512475319814
8,feel,5,0.5108256237659907,2.5541281188299534
9,feel,1,0.5108256237659907,0.5108256237659907
10,feel,2,0.5108256237659907,1.0216512475319814
11,feel,10,0.5108256237659907,5.108256237659907
12,feel,2,0.5108256237659907,1.0216512475319814
13,feel,1,0.5108256237659907,0.5108256237659907
2,ends,1,2.70805020110221,2.70805020110221
3,say,4,1.0986122886681098,4.394449154672439
4,say,2,1.0986122886681098,2.1972245773362196
7,say,2,1.0986122886681098,2.1972245773362196
11,say,2,1.0986122886681098,2.1972245773362196
14,say,2,1.0986122886681098,2.1972245773362196
4,impossible,16,2.70805020110221,43.32880321763536
6,trying,1,2.70805020110221,2.70805020110221
6,cry,3,2.0149030205422647,6.0447090616267936
7,cry,1,2.0149030205422647,2.0149030205422647
6,cause,4,1.0986122886681098,4.394449154672439
8,cause,1,1.0986122886681098,1.0986122886681098
10,cause,3,1.0986122886681098,3.295836866004329
11,cause,1,1.0986122886681098,1.0986122886681098
12,cause,4,1.0986122886681098,4.394449154672439
6,somehow,1,2.70805020110221,2.70805020110221
6,again,1,2.70805020110221,2.70805020110221
6,jar,1,2.70805020110221,2.70805020110221
6,bank,1,2.70805020110221,2.70805020110221
6,young,1,2.0149030205422647,2.0149030205422647
7,young,1,2.0149030205422647,2.0149030205422647
7,blew,2,2.70805020110221,5.41610040220442
7,greatest,1,2.70805020110221,2.70805020110221
7,rags,1,2.70805020110221,2.70805020110221
7,goin,1,2.0149030205422647,2.0149030205422647
13,goin,3,2.0149030205422647,6.0447090616267936
7,plaza,1,2.70805020110221,2.70805020110221
7,crossroads,1,2.70805020110221,2.70805020110221
7,ugliest,1,2.70805020110221,2.70805020110221
7,pussycat,1,2.70805020110221,2.70805020110221
7,tongues,1,2.70805020110221,2.70805020110221
7,tragedy,1,2.70805020110221,2.70805020110221
7,road,1,2.70805020110221,2.70805020110221
7,stand,1,2.70805020110221,2.70805020110221
7,rootless,1,2.70805020110221,2.70805020110221
7,getz,1,2.70805020110221,2.70805020110221
7,misty,1,2.70805020110221,2.70805020110221
7,brave,1,2.70805020110221,2.70805020110221
7,fsharp,1,2.70805020110221,2.70805020110221
7,georgia,1,2.70805020110221,2.70805020110221
9,hearing,1,2.70805020110221,2.70805020110221
12,worth,1,2.70805020110221,2.70805020110221
13,watch,1,2.70805020110221,2.70805020110221
1,aim,1,2.70805020110221,2.70805020110221
1,imaginary,1,2.70805020110221,2.70805020110221
1,breathing,1,2.70805020110221,2.70805020110221
2,mine,2,2.70805020110221,5.41610040220442
2,times,1,1.0986122886681098,1.0986122886681098
3,times,6,1.0986122886681098,6.591673732008658
5,times,1,1.0986122886681098,1.0986122886681098
7,times,2,1.0986122886681098,2.1972245773362196
9,times,2,1.0986122886681098,2.1972245773362196
3,clearly,3,2.70805020110221,8.12415060330663
3,time,1,0.7621400520468967,0.7621400520468967
5,time,1,0.7621400520468967,0.7621400520468967
6,time,1,0.7621400520468967,0.7621400520468967
7,time,1,0.7621400520468967,0.7621400520468967
12,time,6,0.7621400520468967,4.5728403122813805
13,time,1,0.7621400520468967,0.7621400520468967
14,time,1,0.7621400520468967,0.7621400520468967
4,won,1,2.70805020110221,2.70805020110221
4,trust,1,2.0149030205422647,2.0149030205422647
7,trust,1,2.0149030205422647,2.0149030205422647
4,empty,1,2.0149030205422647,2.0149030205422647
6,empty,1,2.0149030205422647,2.0149030205422647
5,yeah,1,1.0986122886681098,1.0986122886681098
6,yeah,3,1.0986122886681098,3.295836866004329
10,yeah,7,1.0986122886681098,7.690286020676768
12,yeah,3,1.0986122886681098,3.295836866004329
13,yeah,1,1.0986122886681098,1.0986122886681098
5,then,6,1.6094379124341003,9.656627474604601
6,then,2,1.6094379124341003,3.2188758248682006
7,then,4,1.6094379124341003,6.437751649736401
5,solid,1,2.70805020110221,2.70805020110221
6,hey,1,2.70805020110221,2.70805020110221
6,smile,2,2.70805020110221,5.41610040220442
6,girl,1,2.70805020110221,2.70805020110221
6,spins,1,2.70805020110221,2.70805020110221
6,reason,1,2.70805020110221,2.70805020110221
6,dollars,1,2.70805020110221,2.70805020110221
6,arguin,1,2.70805020110221,2.70805020110221
6,shh,1,2.70805020110221,2.70805020110221
6,break,1,1.6094379124341003,1.6094379124341003
11,break,2,1.6094379124341003,3.2188758248682006
14,break,3,1.6094379124341003,4.828313737302301
6,him,1,2.0149030205422647,2.0149030205422647
7,him,7,2.0149030205422647,14.104321143795852
7,dog,2,2.70805020110221,5.41610040220442
7,woodstock,1,2.70805020110221,2.70805020110221
7,age,2,2.70805020110221,5.41610040220442
7,going,4,2.70805020110221,10.83220080440884
7,tank,1,2.70805020110221,2.70805020110221
7,lincoln,1,2.70805020110221,2.70805020110221
7,mister,1,2.70805020110221,2.70805020110221
7,susie,1,2.70805020110221,2.70805020110221
7,lizzy,1,2.70805020110221,2.70805020110221
7,siegel,1,2.70805020110221,2.70805020110221
7,starlight,1,2.70805020110221,2.70805020110221
7,helps,1,2.70805020110221,2.70805020110221
7,great,1,2.70805020110221,2.70805020110221
11,find,6,1.6094379124341003,9.656627474604601
14,find,6,1.6094379124341003,9.656627474604601
15,find,1,1.6094379124341003,1.6094379124341003
12,each,1,2.70805020110221,2.70805020110221
12,interlock,1,2.70805020110221,2.70805020110221
14,desperate,1,2.70805020110221,2.70805020110221
15,xray,1,2.70805020110221,2.70805020110221
1,dream,2,1.6094379124341003,3.2188758248682006
6,dream,1,1.6094379124341003,1.6094379124341003
7,dream,1,1.6094379124341003,1.6094379124341003
1,needed,1,2.70805020110221,2.70805020110221
2,love,2,0.6286086594223741,1.2572173188447482
4,love,4,0.6286086594223741,2.5144346376894964
7,love,3,0.6286086594223741,1.8858259782671223
9,love,2,0.6286086594223741,1.2572173188447482
10,love,4,0.6286086594223741,2.5144346376894964
12,love,1,0.6286086594223741,0.6286086594223741
14,love,4,0.6286086594223741,2.5144346376894964
15,love,9,0.6286086594223741,5.657477934801367
3,used,1,2.0149030205422647,2.0149030205422647
6,used,1,2.0149030205422647,2.0149030205422647
3,must,3,2.70805020110221,8.12415060330663
3,ever,2,0.9162907318741551,1.8325814637483102
6,ever,3,0.9162907318741551,2.7488721956224653
7,ever,2,0.9162907318741551,1.8325814637483102
9,ever,4,0.9162907318741551,3.6651629274966204
10,ever,1,0.9162907318741551,0.9162907318741551
13,ever,1,0.9162907318741551,0.9162907318741551
4,know,7,0.7621400520468967,5.334980364328277
6,know,10,0.7621400520468967,7.621400520468967
7,know,4,0.7621400520468967,3.048560208187587
8,know,3,0.7621400520468967,2.2864201561406903
9,know,3,0.7621400520468967,2.2864201561406903
10,know,2,0.7621400520468967,1.5242801040937934
11,know,1,0.7621400520468967,0.7621400520468967
5,took,2,2.0149030205422647,4.029806041084529
7,took,1,2.0149030205422647,2.0149030205422647
5,as,2,1.3217558399823195,2.643511679964639
6,as,2,1.3217558399823195,2.643511679964639
7,as,1,1.3217558399823195,1.3217558399823195
14,as,5,1.3217558399823195,6.608779199911598
5,ill,4,0.9162907318741551,3.6651629274966204
6,ill,2,0.9162907318741551,1.8325814637483102
7,ill,1,0.9162907318741551,0.9162907318741551
11,ill,1,0.9162907318741551,0.9162907318741551
14,ill,1,0.9162907318741551,0.9162907318741551
15,ill,3,0.9162907318741551,2.7488721956224653
5,stumbled,1,2.70805020110221,2.70805020110221
6,always,5,1.3217558399823195,6.608779199911598
10,always,1,1.3217558399823195,1.3217558399823195
13,always,6,1.3217558399823195,7.9305350398939165
15,always,3,1.3217558399823195,3.9652675199469583
6,job,2,2.70805020110221,5.41610040220442
6,into,1,1.6094379124341003,1.6094379124341003
7,into,3,1.6094379124341003,4.828313737302301
12,into,21,1.6094379124341003,33.7981961611161
6,sound,1,2.70805020110221,2.70805020110221
6,neck,1,2.70805020110221,2.70805020110221
7,sun,3,2.70805020110221,8.12415060330663
7,comin,5,2.0149030205422647,10.074515102711324
10,comin,1,2.0149030205422647,2.0149030205422647
7,bums,1,2.70805020110221,2.70805020110221
7,redlight,1,2.70805020110221,2.70805020110221
7,oswald,1,2.70805020110221,2.70805020110221
7,owl,1,2.70805020110221,2.70805020110221
7,business,2,2.70805020110221,5.41610040220442
7,cline,1,2.70805020110221,2.70805020110221
7,zapruders,1,2.70805020110221,2.70805020110221
7,seen,3,2.0149030205422647,6.0447090616267936
13,seen,1,2.0149030205422647,2.0149030205422647
7,son,1,2.70805020110221,2.70805020110221
7,looking,1,2.0149030205422647,2.0149030205422647
11,looking,2,2.0149030205422647,4.029806041084529
7,alcatraz,1,2.70805020110221,2.70805020110221
7,lloyd,1,2.70805020110221,2.70805020110221
7,stevie,1,2.70805020110221,2.70805020110221
8,lose,1,2.0149030205422647,2.0149030205422647
11,lose,2,2.0149030205422647,4.029806041084529
2,hit,2,2.70805020110221,5.41610040220442
2,who,2,1.3217558399823195,2.643511679964639
3,who,1,1.3217558399823195,1.3217558399823195
6,who,1,1.3217558399823195,1.3217558399823195
7,who,3,1.3217558399823195,3.9652675199469583
2,rivers,1,2.70805020110221,2.70805020110221
2,keep,1,0.9162907318741551,0.9162907318741551
5,keep,5,0.9162907318741551,4.5814536593707755
6,keep,2,0.9162907318741551,1.8325814637483102
7,keep,2,0.9162907318741551,1.8325814637483102
9,keep,5,0.9162907318741551,4.5814536593707755
10,keep,1,0.9162907318741551,0.9162907318741551
2,howling,1,2.70805020110221,2.70805020110221
2,many,1,2.70805020110221,2.70805020110221
3,supposed,1,2.0149030205422647,2.0149030205422647
7,supposed,1,2.0149030205422647,2.0149030205422647
3,can,4,0.5108256237659907,2.043302495063963
4,can,2,0.5108256237659907,1.0216512475319814
5,can,1,0.5108256237659907,0.5108256237659907
6,can,2,0.5108256237659907,1.0216512475319814
7,can,4,0.5108256237659907,2.043302495063963
8,can,1,0.5108256237659907,0.5108256237659907
9,can,8,0.5108256237659907,4.086604990127926
13,can,3,0.5108256237659907,1.5324768712979722
15,can,3,0.5108256237659907,1.5324768712979722
3,younger,1,2.70805020110221,2.70805020110221
3,forgotten,1,2.70805020110221,2.70805020110221
3,least,3,2.70805020110221,8.12415060330663
4,roof,3,2.70805020110221,8.12415060330663
4,broken,5,1.6094379124341003,8.047189562170502
9,broken,2,1.6094379124341003,3.2188758248682006
13,broken,1,1.6094379124341003,1.6094379124341003
4,betrayal,1,2.70805020110221,2.70805020110221
6,upper,3,2.70805020110221,8.12415060330663
6,together,2,2.0149030205422647,4.029806041084529
12,together,1,2.0149030205422647,2.0149030205422647
6,seems,1,2.70805020110221,2.70805020110221
6,bad,2,2.70805020110221,5.41610040220442
6,day,1,1.6094379124341003,1.6094379124341003
7,day,7,1.6094379124341003,11.266065387038703
12,day,1,1.6094379124341003,1.6094379124341003
6,broke,3,2.70805020110221,8.12415060330663
6,too,3,1.0986122886681098,3.295836866004329
7,too,2,1.0986122886681098,2.1972245773362196
8,too,2,1.0986122886681098,2.1972245773362196
10,too,1,1.0986122886681098,1.0986122886681098
15,too,1,1.0986122886681098,1.0986122886681098
7,november,1,2.70805020110221,2.70805020110221
7,brains,1,2.70805020110221,2.70805020110221
7,thing,2,1.3217558399823195,2.643511679964639
9,thing,4,1.3217558399823195,5.287023359929278
11,thing,1,1.3217558399823195,1.3217558399823195
15,thing,1,1.3217558399823195,1.3217558399823195
7,skillfully,1,2.70805020110221,2.70805020110221
7,rubadubdub,1,2.70805020110221,2.70805020110221
7,triple,1,2.70805020110221,2.70805020110221
7,burn,1,2.0149030205422647,2.0149030205422647
14,burn,2,2.0149030205422647,4.029806041084529
7,man,3,2.70805020110221,8.12415060330663
7,freedom,3,2.70805020110221,8.12415060330663
7,telepathic,1,2.70805020110221,2.70805020110221
7,strip,1,2.70805020110221,2.70805020110221
7,dust,1,2.70805020110221,2.70805020110221
7,god,1,2.70805020110221,2.70805020110221
7,blue,1,2.70805020110221,2.70805020110221
7,nature,1,2.70805020110221,2.70805020110221
9,gets,1,2.0149030205422647,2.0149030205422647
10,gets,1,2.0149030205422647,2.0149030205422647
9,bleed,2,2.70805020110221,5.41610040220442
9,whisper,1,2.70805020110221,2.70805020110221
10,feelings,8,2.70805020110221,21.66440160881768
11,everyone,1,2.70805020110221,2.70805020110221
12,weight,1,2.70805020110221,2.70805020110221
12,sang,1,2.70805020110221,2.70805020110221
13,crash,7,2.70805020110221,18.95635140771547
14,diary,5,2.70805020110221,13.54025100551105
1,shadow,1,2.70805020110221,2.70805020110221
1,us,2,1.3217558399823195,2.643511679964639
3,us,2,1.3217558399823195,2.643511679964639
6,us,3,1.3217558399823195,3.9652675199469583
9,us,2,1.3217558399823195,2.643511679964639
1,was,1,0.7621400520468967,0.7621400520468967
2,was,2,0.7621400520468967,1.5242801040937934
3,was,1,0.7621400520468967,0.7621400520468967
4,was,5,0.7621400520468967,3.8107002602344835
6,was,8,0.7621400520468967,6.097120416375174
7,was,9,0.7621400520468967,6.859260468422071
11,was,5,0.7621400520468967,3.8107002602344835
1,sea,5,2.70805020110221,13.54025100551105
1,monsters,2,2.70805020110221,5.41610040220442
1,shallow,1,2.70805020110221,2.70805020110221
1,never,1,0.5108256237659907,0.5108256237659907
3,never,3,0.5108256237659907,1.5324768712979722
5,never,1,0.5108256237659907,0.5108256237659907
6,never,3,0.5108256237659907,1.5324768712979722
7,never,3,0.5108256237659907,1.5324768712979722
9,never,4,0.5108256237659907,2.043302495063963
10,never,2,0.5108256237659907,1.0216512475319814
11,never,6,0.5108256237659907,3.0649537425959443
15,never,4,0.5108256237659907,2.043302495063963
2,true,2,2.0149030205422647,4.029806041084529
10,true,1,2.0149030205422647,2.0149030205422647
2,snowflakes,1,2.70805020110221,2.70805020110221
2,storm,1,2.70805020110221,2.70805020110221
2,at,1,0.7621400520468967,0.7621400520468967
3,at,4,0.7621400520468967,3.048560208187587
5,at,1,0.7621400520468967,0.7621400520468967
6,at,2,0.7621400520468967,1.5242801040937934
7,at,4,0.7621400520468967,3.048560208187587
11,at,1,0.7621400520468967,0.7621400520468967
12,at,3,0.7621400520468967,2.2864201561406903
4,would,3,1.3217558399823195,3.9652675199469583
8,would,1,1.3217558399823195,1.3217558399823195
13,would,6,1.3217558399823195,7.9305350398939165
14,would,3,1.3217558399823195,3.9652675199469583
5,something,1,1.3217558399823195,1.3217558399823195
6,something,1,1.3217558399823195,1.3217558399823195
7,something,1,1.3217558399823195,1.3217558399823195
11,something,6,1.3217558399823195,7.9305350398939165
5,bumped,1,2.70805020110221,2.70805020110221
5,put,1,1.3217558399823195,1.3217558399823195
7,put,4,1.3217558399823195,5.287023359929278
8,put,1,1.3217558399823195,1.3217558399823195
14,put,1,1.3217558399823195,1.3217558399823195
6,soldier,1,2.70805020110221,2.70805020110221
6,eyes,1,1.3217558399823195,1.3217558399823195
7,eyes,1,1.3217558399823195,1.3217558399823195
9,eyes,4,1.3217558399823195,5.287023359929278
13,eyes,1,1.3217558399823195,1.3217558399823195
6,prayers,1,2.70805020110221,2.70805020110221
6,gon,4,2.70805020110221,10.83220080440884
6,year,1,2.70805020110221,2.70805020110221
6,stuck,1,2.0149030205422647,2.0149030205422647
11,stuck,1,2.0149030205422647,2.0149030205422647
6,said,1,2.0149030205422647,2.0149030205422647
7,said,4,2.0149030205422647,8.059612082169059
6,getting,1,2.0149030205422647,2.0149030205422647
14,getting,3,2.0149030205422647,6.0447090616267936
6,till,1,2.0149030205422647,2.0149030205422647
11,till,4,2.0149030205422647,8.059612082169059
6,mile,1,2.70805020110221,2.70805020110221
6,leave,1,2.0149030205422647,2.0149030205422647
7,leave,1,2.0149030205422647,2.0149030205422647
6,anything,1,1.6094379124341003,1.6094379124341003
7,anything,1,1.6094379124341003,1.6094379124341003
11,anything,2,1.6094379124341003,3.2188758248682006
6,fuck,1,2.70805020110221,2.70805020110221
7,executed,1,2.70805020110221,2.70805020110221
7,searchin,1,2.70805020110221,2.70805020110221
7,infirmary,1,2.70805020110221,2.70805020110221
7,etta,1,2.70805020110221,2.70805020110221
7,lee,1,2.70805020110221,2.70805020110221
7,don,1,2.70805020110221,2.70805020110221
7,oscar,1,2.70805020110221,2.70805020110221
7,nicks,1,2.70805020110221,2.70805020110221
7,merchants,1,2.70805020110221,2.70805020110221
7,lonely,2,2.70805020110221,5.41610040220442
7,morton,1,2.70805020110221,2.70805020110221
9,loving,4,2.70805020110221,10.83220080440884
13,direction,3,2.70805020110221,8.12415060330663
13,help,3,2.70805020110221,8.12415060330663
13,calls,9,2.70805020110221,24.37245180991989
14,jane,5,2.70805020110221,13.54025100551105
2,thats,1,1.6094379124341003,1.6094379124341003
6,thats,2,1.6094379124341003,3.2188758248682006
9,thats,2,1.6094379124341003,3.2188758248682006
2,brightness,1,2.70805020110221,2.70805020110221
3,difference,1,2.70805020110221,2.70805020110221
3,sorry,7,2.0149030205422647,14.104321143795852
6,sorry,1,2.0149030205422647,2.0149030205422647
4,gone,5,1.0986122886681098,5.493061443340549
6,gone,2,1.0986122886681098,2.1972245773362196
7,gone,1,1.0986122886681098,1.0986122886681098
11,gone,3,1.0986122886681098,3.295836866004329
15,gone,13,1.0986122886681098,14.281959752685427
5,knew,1,2.0149030205422647,2.0149030205422647
13,knew,3,2.0149030205422647,6.0447090616267936
6,wipe,1,2.70805020110221,2.70805020110221
6,almost,2,2.70805020110221,5.41610040220442
6,flat—one,1,2.70805020110221,2.70805020110221
6,apartment,1,2.70805020110221,2.70805020110221
6,didnt,1,1.6094379124341003,1.6094379124341003
10,didnt,1,1.6094379124341003,1.6094379124341003
11,didnt,1,1.6094379124341003,1.6094379124341003
6,eat,1,2.70805020110221,2.70805020110221
7,debts,1,2.70805020110221,2.70805020110221
7,any,2,2.70805020110221,5.41610040220442
7,most,4,2.70805020110221,10.83220080440884
7,uncle,1,2.70805020110221,2.70805020110221
7,mutilated,1,2.70805020110221,2.70805020110221
7,blood,2,2.70805020110221,5.41610040220442
7,song,1,2.0149030205422647,2.0149030205422647
12,song,1,2.0149030205422647,2.0149030205422647
7,guitar,1,2.70805020110221,2.70805020110221
7,frey,1,2.70805020110221,2.70805020110221
7,art,1,2.70805020110221,2.70805020110221
7,follow,1,2.70805020110221,2.70805020110221
9,photograph,2,2.70805020110221,5.41610040220442
9,within,1,2.70805020110221,2.70805020110221
10,shes,1,2.70805020110221,2.70805020110221
13,guilty,7,2.70805020110221,18.95635140771547
15,friends,1,2.70805020110221,2.70805020110221
1,these,1,1.3217558399823195,1.3217558399823195
3,these,1,1.3217558399823195,1.3217558399823195
9,these,4,1.3217558399823195,5.287023359929278
11,these,1,1.3217558399823195,1.3217558399823195
1,heart,1,1.0986122886681098,1.0986122886681098
3,heart,3,1.0986122886681098,3.295836866004329
4,heart,3,1.0986122886681098,3.295836866004329
6,heart,1,1.0986122886681098,1.0986122886681098
10,heart,1,1.0986122886681098,1.0986122886681098
2,heavy,2,2.70805020110221,5.41610040220442
2,flows,1,2.70805020110221,2.70805020110221
2,way,1,1.0986122886681098,1.0986122886681098
6,way,1,1.0986122886681098,1.0986122886681098
7,way,1,1.0986122886681098,1.0986122886681098
11,way,2,1.0986122886681098,2.1972245773362196
14,way,5,1.0986122886681098,5.493061443340549
3,meet,1,2.0149030205422647,2.0149030205422647
9,meet,2,2.0149030205422647,4.029806041084529
3,call,3,2.0149030205422647,6.0447090616267936
5,call,4,2.0149030205422647,8.059612082169059
4,effortlessly,1,2.70805020110221,2.70805020110221
6,lip,3,2.70805020110221,8.12415060330663
6,dad,4,2.70805020110221,10.83220080440884
6,laney,3,2.70805020110221,8.12415060330663
6,twirls,1,2.70805020110221,2.70805020110221
6,momma,2,2.70805020110221,5.41610040220442
7,boys,1,2.70805020110221,2.70805020110221
7,hatred,1,2.70805020110221,2.70805020110221
7,slide,1,2.70805020110221,2.70805020110221
7,lower,1,2.70805020110221,2.70805020110221
7,grassy,1,2.70805020110221,2.70805020110221
7,pain,1,2.0149030205422647,2.0149030205422647
11,pain,6,2.0149030205422647,12.089418123253587
7,throw,2,2.70805020110221,5.41610040220442
7,ear,1,2.70805020110221,2.70805020110221
7,gate,1,2.70805020110221,2.70805020110221
7,hes,2,2.70805020110221,5.41610040220442
7,bites,1,2.70805020110221,2.70805020110221
7,rugged,1,2.70805020110221,2.70805020110221
7,stan,1,2.70805020110221,2.70805020110221
7,buster,1,2.70805020110221,2.70805020110221
7,malloy,1,2.70805020110221,2.70805020110221
7,banner,1,2.70805020110221,2.70805020110221
9,until,2,2.0149030205422647,4.029806041084529
11,until,2,2.0149030205422647,4.029806041084529
10,oh…,1,2.70805020110221,2.70805020110221
11,confused,2,2.70805020110221,5.41610040220442
15,cannot,1,2.70805020110221,2.70805020110221
1,my,3,0.31015492830383945,0.9304647849115184
2,my,2,0.31015492830383945,0.6203098566076789
4,my,7,0.31015492830383945,2.171084498126876
5,my,15,0.31015492830383945,4.652323924557591
7,my,7,0.31015492830383945,2.171084498126876
10,my,1,0.31015492830383945,0.31015492830383945
11,my,8,0.31015492830383945,2.4812394264307156
12,my,1,0.31015492830383945,0.31015492830383945
13,my,5,0.31015492830383945,1.5507746415191972
14,my,5,0.31015492830383945,1.5507746415191972
15,my,2,0.31015492830383945,0.6203098566076789
1,sight,1,2.70805020110221,2.70805020110221
2,prayed,1,2.70805020110221,2.70805020110221
3,called,3,1.6094379124341003,4.828313737302301
5,called,2,1.6094379124341003,3.2188758248682006
13,called,3,1.6094379124341003,4.828313737302301
3,seem,3,2.0149030205422647,6.0447090616267936
6,seem,2,2.0149030205422647,4.029806041084529
3,tear,3,2.70805020110221,8.12415060330663
6,worries,1,2.70805020110221,2.70805020110221
6,sleep,1,2.70805020110221,2.70805020110221
6,everythings,2,2.70805020110221,5.41610040220442
6,every,2,1.6094379124341003,3.2188758248682006
8,every,3,1.6094379124341003,4.828313737302301
9,every,1,1.6094379124341003,1.6094379124341003
6,flew,1,2.70805020110221,2.70805020110221
6,tv,1,2.70805020110221,2.70805020110221
6,jeweler,1,2.70805020110221,2.70805020110221
7,without,1,2.70805020110221,2.70805020110221
7,get,3,1.6094379124341003,4.828313737302301
9,get,2,1.6094379124341003,3.2188758248682006
11,get,1,1.6094379124341003,1.6094379124341003
7,pieces,1,2.70805020110221,2.70805020110221
7,sit,1,2.70805020110221,2.70805020110221
7,ellum,1,2.70805020110221,2.70805020110221
7,runs,1,2.70805020110221,2.70805020110221
7,straight,1,2.70805020110221,2.70805020110221
7,whats,2,2.70805020110221,5.41610040220442
7,slow,2,2.70805020110221,5.41610040220442
7,top,2,2.70805020110221,5.41610040220442
7,blind,1,2.0149030205422647,2.0149030205422647
15,blind,4,2.0149030205422647,8.059612082169059
7,6,1,2.70805020110221,2.70805020110221
7,cole,1,2.70805020110221,2.70805020110221
7,venice,1,2.70805020110221,2.70805020110221
7,plane,1,2.70805020110221,2.70805020110221
7,wheel,1,2.70805020110221,2.70805020110221
8,aware,3,2.70805020110221,8.12415060330663
9,swear,1,2.70805020110221,2.70805020110221
9,lamppost,1,2.70805020110221,2.70805020110221
10,found,1,2.70805020110221,2.70805020110221
13,slowly,2,2.70805020110221,5.41610040220442
13,breath,1,2.70805020110221,2.70805020110221
14,sick,1,2.70805020110221,2.70805020110221
15,education,1,2.70805020110221,2.70805020110221
1,are,12,0.5108256237659907,6.129907485191889
3,are,2,0.5108256237659907,1.0216512475319814
4,are,2,0.5108256237659907,1.0216512475319814
6,are,1,0.5108256237659907,0.5108256237659907
7,are,6,0.5108256237659907,3.0649537425959443
9,are,3,0.5108256237659907,1.5324768712979722
11,are,1,0.5108256237659907,0.5108256237659907
13,are,1,0.5108256237659907,0.5108256237659907
15,are,1,0.5108256237659907,0.5108256237659907
2,there,2,0.6286086594223741,1.2572173188447482
4,there,3,0.6286086594223741,1.8858259782671223
5,there,4,0.6286086594223741,2.5144346376894964
6,there,2,0.6286086594223741,1.2572173188447482
7,there,3,0.6286086594223741,1.8858259782671223
8,there,5,0.6286086594223741,3.1430432971118707
14,there,1,0.6286086594223741,0.6286086594223741
15,there,4,0.6286086594223741,2.5144346376894964
2,remembers,1,2.70805020110221,2.70805020110221
3,make,1,1.0986122886681098,1.0986122886681098
6,make,3,1.0986122886681098,3.295836866004329
7,make,3,1.0986122886681098,3.295836866004329
12,make,4,1.0986122886681098,4.394449154672439
13,make,3,1.0986122886681098,3.295836866004329
4,told,2,1.6094379124341003,3.2188758248682006
6,told,2,1.6094379124341003,3.2188758248682006
12,told,2,1.6094379124341003,3.2188758248682006
4,illusion,1,2.70805020110221,2.70805020110221
4,falling,2,2.70805020110221,5.41610040220442
6,even,2,1.6094379124341003,3.2188758248682006
12,even,4,1.6094379124341003,6.437751649736401
15,even,3,1.6094379124341003,4.828313737302301
6,nightmares,1,2.70805020110221,2.70805020110221
6,em,3,2.0149030205422647,6.0447090616267936
12,em,3,2.0149030205422647,6.0447090616267936
6,fall,1,1.3217558399823195,1.3217558399823195
11,fall,1,1.3217558399823195,1.3217558399823195
12,fall,1,1.3217558399823195,1.3217558399823195
13,fall,8,1.3217558399823195,10.574046719858556
6,developed,1,2.70805020110221,2.70805020110221
6,sittin,1,2.70805020110221,2.70805020110221
6,ask,1,1.6094379124341003,1.6094379124341003
7,ask,3,1.6094379124341003,4.828313737302301
14,ask,2,1.6094379124341003,3.2188758248682006
7,stage,1,2.70805020110221,2.70805020110221
7,roll,2,2.70805020110221,5.41610040220442
7,knoll,1,2.70805020110221,2.70805020110221
7,theyve,2,2.70805020110221,5.41610040220442
7,nightmare,1,2.70805020110221,2.70805020110221
7,elm,1,2.70805020110221,2.70805020110221
7,turn,2,2.70805020110221,5.41610040220442
7,headed,1,2.70805020110221,2.70805020110221
7,hate,1,2.0149030205422647,2.0149030205422647
14,hate,1,2.0149030205422647,2.0149030205422647
7,mean,1,2.70805020110221,2.70805020110221
7,nation,1,2.70805020110221,2.70805020110221
7,hours,1,2.70805020110221,2.70805020110221
7,st,1,2.70805020110221,2.70805020110221
7,pay,1,2.70805020110221,2.70805020110221
9,phone,1,2.70805020110221,2.70805020110221
10,says,1,2.70805020110221,2.70805020110221
10,gold,1,2.70805020110221,2.70805020110221
11,person,1,2.70805020110221,2.70805020110221
12,nights,3,2.70805020110221,8.12415060330663
12,loved,1,2.70805020110221,2.70805020110221
13,path,3,2.70805020110221,8.12415060330663
13,hangin,3,2.70805020110221,8.12415060330663
14,somethings,6,2.70805020110221,16.24830120661326
14,fine,1,2.70805020110221,2.70805020110221
1,to,1,0.0,0.0
2,to,3,0.0,0.0
3,to,14,0.0,0.0
4,to,4,0.0,0.0
5,to,5,0.0,0.0
6,to,32,0.0,0.0
7,to,30,0.0,0.0
8,to,9,0.0,0.0
9,to,7,0.0,0.0
10,to,20,0.0,0.0
11,to,33,0.0,0.0
12,to,8,0.0,0.0
13,to,7,0.0,0.0
14,to,10,0.0,0.0
15,to,6,0.0,0.0
2,if,8,0.31015492830383945,2.4812394264307156
3,if,1,0.31015492830383945,0.31015492830383945
4,if,1,0.31015492830383945,0.31015492830383945
5,if,9,0.31015492830383945,2.791394354734555
6,if,2,0.31015492830383945,0.6203098566076789
7,if,2,0.31015492830383945,0.6203098566076789
9,if,2,0.31015492830383945,0.6203098566076789
10,if,2,0.31015492830383945,0.6203098566076789
13,if,6,0.31015492830383945,1.8609295698230368
14,if,2,0.31015492830383945,0.6203098566076789
15,if,6,0.31015492830383945,1.8609295698230368
2,winds,3,2.70805020110221,8.12415060330663
2,one,2,0.7621400520468967,1.5242801040937934
6,one,3,0.7621400520468967,2.2864201561406903
7,one,6,0.7621400520468967,4.5728403122813805
10,one,1,0.7621400520468967,0.7621400520468967
12,one,3,0.7621400520468967,2.2864201561406903
13,one,1,0.7621400520468967,0.7621400520468967
15,one,3,0.7621400520468967,2.2864201561406903
2,has,1,1.6094379124341003,1.6094379124341003
7,has,2,1.6094379124341003,3.2188758248682006
8,has,1,1.6094379124341003,1.6094379124341003
3,hello,9,2.70805020110221,24.37245180991989
3,breaking,3,2.70805020110221,8.12415060330663
4,building,1,2.70805020110221,2.70805020110221
5,back,1,1.0986122886681098,1.0986122886681098
6,back,4,1.0986122886681098,4.394449154672439
7,back,4,1.0986122886681098,4.394449154672439
9,back,1,1.0986122886681098,1.0986122886681098
12,back,1,1.0986122886681098,1.0986122886681098
6,want,2,1.3217558399823195,2.643511679964639
7,want,1,1.3217558399823195,1.3217558399823195
8,want,6,1.3217558399823195,7.9305350398939165
11,want,22,1.3217558399823195,29.07862847961103
6,table,1,2.70805020110221,2.70805020110221
6,saving,1,2.70805020110221,2.70805020110221
6,dr,1,2.70805020110221,2.70805020110221
6,haha,1,2.70805020110221,2.70805020110221
7,off,2,2.0149030205422647,4.029806041084529
12,off,1,2.0149030205422647,2.0149030205422647
7,while,3,2.70805020110221,8.12415060330663
7,banister,1,2.70805020110221,2.70805020110221
7,district,1,2.70805020110221,2.70805020110221
7,street,3,2.0149030205422647,6.0447090616267936
9,street,1,2.0149030205422647,2.0149030205422647
7,frankly,1,2.70805020110221,2.70805020110221
7,oughta,1,2.70805020110221,2.70805020110221
7,men,1,2.70805020110221,2.70805020110221
7,dizzy,1,2.70805020110221,2.70805020110221
7,eye,1,2.70805020110221,2.70805020110221
7,hooker,1,2.70805020110221,2.70805020110221
7,limit,1,2.70805020110221,2.70805020110221
7,number,2,2.70805020110221,5.41610040220442
7,brothers,3,2.70805020110221,8.12415060330663
7,waitin,1,2.70805020110221,2.70805020110221
7,highway,1,2.70805020110221,2.70805020110221
7,powell,1,2.70805020110221,2.70805020110221
8,cant,6,1.3217558399823195,7.9305350398939165
11,cant,2,1.3217558399823195,2.643511679964639
12,cant,3,1.3217558399823195,3.9652675199469583
15,cant,2,1.3217558399823195,2.643511679964639
13,beside,1,2.0149030205422647,2.0149030205422647
14,beside,1,2.0149030205422647,2.0149030205422647
13,chokin,1,2.70805020110221,2.70805020110221
1,deeper,1,2.70805020110221,2.70805020110221
1,dive,1,2.70805020110221,2.70805020110221
1,but,1,0.31015492830383945,0.31015492830383945
3,but,7,0.31015492830383945,2.171084498126876
5,but,1,0.31015492830383945,0.31015492830383945
6,but,13,0.31015492830383945,4.032014067949913
7,but,3,0.31015492830383945,0.9304647849115184
8,but,1,0.31015492830383945,0.31015492830383945
9,but,1,0.31015492830383945,0.31015492830383945
10,but,4,0.31015492830383945,1.2406197132153578
11,but,2,0.31015492830383945,0.6203098566076789
12,but,4,0.31015492830383945,1.2406197132153578
15,but,2,0.31015492830383945,0.6203098566076789
2,traveling,2,2.70805020110221,5.41610040220442
2,country,2,2.0149030205422647,4.029806041084529
7,country,1,2.0149030205422647,2.0149030205422647
3,years,1,1.3217558399823195,1.3217558399823195
4,years,2,1.3217558399823195,2.643511679964639
7,years,1,1.3217558399823195,1.3217558399823195
12,years,1,1.3217558399823195,1.3217558399823195
3,dreaming,1,2.70805020110221,2.70805020110221
3,miles,1,2.0149030205422647,2.0149030205422647
7,miles,1,2.0149030205422647,2.0149030205422647
3,other,5,1.3217558399823195,6.608779199911598
6,other,1,1.3217558399823195,1.3217558399823195
12,other,2,1.3217558399823195,2.643511679964639
14,other,2,1.3217558399823195,2.643511679964639
3,home,3,1.6094379124341003,4.828313737302301
9,home,6,1.6094379124341003,9.656627474604601
13,home,6,1.6094379124341003,9.656627474604601
4,take,2,1.3217558399823195,2.643511679964639
7,take,4,1.3217558399823195,5.287023359929278
8,take,3,1.3217558399823195,3.9652675199469583
9,take,1,1.3217558399823195,1.3217558399823195
4,sky,3,2.0149030205422647,6.0447090616267936
7,sky,1,2.0149030205422647,2.0149030205422647
5,do,2,0.9162907318741551,1.8325814637483102
6,do,4,0.9162907318741551,3.6651629274966204
7,do,4,0.9162907318741551,3.6651629274966204
8,do,3,0.9162907318741551,2.7488721956224653
11,do,2,0.9162907318741551,1.8325814637483102
14,do,4,0.9162907318741551,3.6651629274966204
5,really,1,2.0149030205422647,2.0149030205422647
12,really,3,2.0149030205422647,6.0447090616267936
5,picked,1,2.70805020110221,2.70805020110221
5,oh,4,1.0986122886681098,4.394449154672439
7,oh,3,1.0986122886681098,3.295836866004329
9,oh,1,1.0986122886681098,1.0986122886681098
10,oh,13,1.0986122886681098,14.281959752685427
13,oh,1,1.0986122886681098,1.0986122886681098
5,nonononono,1,2.70805020110221,2.70805020110221
6,laugh,1,2.70805020110221,2.70805020110221
6,he,4,2.0149030205422647,8.059612082169059
7,he,3,2.0149030205422647,6.0447090616267936
6,move,1,2.70805020110221,2.70805020110221
6,try,2,1.6094379124341003,3.2188758248682006
7,try,1,1.6094379124341003,1.6094379124341003
14,try,6,1.6094379124341003,9.656627474604601
6,money,2,2.0149030205422647,4.029806041084529
7,money,2,2.0149030205422647,4.029806041084529
6,house,2,2.0149030205422647,4.029806041084529
12,house,1,2.0149030205422647,2.0149030205422647
6,work,1,2.70805020110221,2.70805020110221
6,sing,2,2.70805020110221,5.41610040220442
6,karat,1,2.70805020110221,2.70805020110221
7,aridin high,1,2.70805020110221,2.70805020110221
7,am,1,1.6094379124341003,1.6094379124341003
11,am,1,1.6094379124341003,1.6094379124341003
15,am,3,1.6094379124341003,4.828313737302301
7,flags,1,2.70805020110221,2.70805020110221
7,blackface,1,2.70805020110221,2.70805020110221
7,singer,1,2.70805020110221,2.70805020110221
7,beat,1,2.70805020110221,2.70805020110221
7,dealey,1,2.70805020110221,2.70805020110221
7,ride,2,2.70805020110221,5.41610040220442
7,quarter,2,2.70805020110221,5.41610040220442
7,trinity,1,2.70805020110221,2.70805020110221
7,dials,1,2.70805020110221,2.70805020110221
7,bullet,1,2.70805020110221,2.70805020110221
7,patsy,2,2.70805020110221,5.41610040220442
7,anyone,1,2.0149030205422647,2.0149030205422647
14,anyone,1,2.0149030205422647,2.0149030205422647
7,human,1,2.70805020110221,2.70805020110221
7,james,3,2.70805020110221,8.12415060330663
7,john,1,2.70805020110221,2.70805020110221
7,monk,1,2.70805020110221,2.70805020110221
7,marching,1,2.70805020110221,2.70805020110221
8,expecting,1,2.70805020110221,2.70805020110221
9,close,2,2.0149030205422647,4.029806041084529
11,close,3,2.0149030205422647,6.0447090616267936
9,sixteen,1,2.70805020110221,2.70805020110221
10,gonna…,1,2.70805020110221,2.70805020110221
11,belong,6,2.70805020110221,16.24830120661326
14,page,2,2.70805020110221,5.41610040220442
15,skin,1,2.70805020110221,2.70805020110221
1,the,9,0.0,0.0
2,the,14,0.0,0.0
3,the,8,0.0,0.0
4,the,6,0.0,0.0
5,the,10,0.0,0.0
6,the,23,0.0,0.0
7,the,86,0.0,0.0
8,the,10,0.0,0.0
9,the,9,0.0,0.0
10,the,9,0.0,0.0
11,the,17,0.0,0.0
12,the,11,0.0,0.0
13,the,17,0.0,0.0
14,the,11,0.0,0.0
15,the,3,0.0,0.0
1,did,1,1.0986122886681098,1.0986122886681098
3,did,1,1.0986122886681098,1.0986122886681098
4,did,3,1.0986122886681098,3.295836866004329
6,did,2,1.0986122886681098,2.1972245773362196
7,did,2,1.0986122886681098,2.1972245773362196
1,another,3,1.0986122886681098,3.295836866004329
7,another,2,1.0986122886681098,2.1972245773362196
8,another,2,1.0986122886681098,2.1972245773362196
14,another,2,1.0986122886681098,2.1972245773362196
15,another,1,1.0986122886681098,1.0986122886681098
1,star,1,2.70805020110221,2.70805020110221
1,inside,2,0.9162907318741551,1.8325814637483102
6,inside,3,0.9162907318741551,2.7488721956224653
9,inside,5,0.9162907318741551,4.5814536593707755
11,inside,2,0.9162907318741551,1.8325814637483102
13,inside,1,0.9162907318741551,0.9162907318741551
15,inside,1,0.9162907318741551,0.9162907318741551
2,for,3,0.4054651081081644,1.2163953243244932
3,for,6,0.4054651081081644,2.4327906486489863
4,for,1,0.4054651081081644,0.4054651081081644
5,for,2,0.4054651081081644,0.8109302162163288
6,for,9,0.4054651081081644,3.6491859729734797
7,for,25,0.4054651081081644,10.136627702704109
9,for,8,0.4054651081081644,3.243720864865315
10,for,1,0.4054651081081644,0.4054651081081644
14,for,2,0.4054651081081644,0.8109302162163288
15,for,3,0.4054651081081644,1.2163953243244932
2,please,3,2.0149030205422647,6.0447090616267936
7,please,1,2.0149030205422647,2.0149030205422647
2,coat,1,2.0149030205422647,2.0149030205422647
7,coat,1,2.0149030205422647,2.0149030205422647
2,warm,1,2.70805020110221,2.70805020110221
2,hangs,1,2.70805020110221,2.70805020110221
2,ive,1,0.9162907318741551,0.9162907318741551
3,ive,9,0.9162907318741551,8.246616586867397
7,ive,2,0.9162907318741551,1.8325814637483102
8,ive,8,0.9162907318741551,7.330325854993241
11,ive,8,0.9162907318741551,7.330325854993241
13,ive,1,0.9162907318741551,0.9162907318741551
3,they,1,1.6094379124341003,1.6094379124341003
7,they,11,1.6094379124341003,17.703817036775103
13,they,8,1.6094379124341003,12.875503299472802
3,aint,1,1.6094379124341003,1.6094379124341003
6,aint,2,1.6094379124341003,3.2188758248682006
7,aint,1,1.6094379124341003,1.6094379124341003
3,hope,1,2.0149030205422647,2.0149030205422647
7,hope,2,2.0149030205422647,4.029806041084529
4,will,1,0.6286086594223741,0.6286086594223741
5,will,9,0.6286086594223741,5.657477934801367
6,will,1,0.6286086594223741,0.6286086594223741
7,will,2,0.6286086594223741,1.2572173188447482
9,will,2,0.6286086594223741,1.2572173188447482
11,will,4,0.6286086594223741,2.5144346376894964
13,will,1,0.6286086594223741,0.6286086594223741
14,will,4,0.6286086594223741,2.5144346376894964
5,troubled,1,2.70805020110221,2.70805020110221
5,still,5,0.9162907318741551,4.5814536593707755
6,still,2,0.9162907318741551,1.8325814637483102
7,still,1,0.9162907318741551,0.9162907318741551
9,still,2,0.9162907318741551,1.8325814637483102
12,still,7,0.9162907318741551,6.414035123119086
14,still,2,0.9162907318741551,1.8325814637483102
5,kryptonite,4,2.70805020110221,10.83220080440884
5,weak,1,2.70805020110221,2.70805020110221
5,up,1,0.9162907318741551,0.9162907318741551
6,up,9,0.9162907318741551,8.246616586867397
7,up,5,0.9162907318741551,4.5814536593707755
8,up,1,0.9162907318741551,0.9162907318741551
10,up,1,0.9162907318741551,0.9162907318741551
15,up,3,0.9162907318741551,2.7488721956224653
6,whirls,1,2.70805020110221,2.70805020110221
6,lookin,2,2.70805020110221,5.41610040220442
6,confusin,1,2.70805020110221,2.70805020110221
6,gonna,3,1.6094379124341003,4.828313737302301
7,gonna,4,1.6094379124341003,6.437751649736401
10,gonna,22,1.6094379124341003,35.407634073550206
6,could,1,1.3217558399823195,1.3217558399823195
7,could,1,1.3217558399823195,1.3217558399823195
10,could,1,1.3217558399823195,1.3217558399823195
15,could,4,1.3217558399823195,5.287023359929278
7,in infamy,1,2.70805020110221,2.70805020110221
7,wait,2,2.0149030205422647,4.029806041084529
9,wait,6,2.0149030205422647,12.089418123253587
7,foul,4,2.70805020110221,10.83220080440884
7,children,1,2.70805020110221,2.70805020110221
7,gas,1,2.70805020110221,2.70805020110221
7,clown,1,2.70805020110221,2.70805020110221
7,truth,1,2.70805020110221,2.70805020110221
7,lovin,1,2.70805020110221,2.70805020110221
7,drive,1,2.0149030205422647,2.0149030205422647
12,drive,1,2.0149030205422647,2.0149030205422647
7,beginning,1,2.70805020110221,2.70805020110221
7,train,1,2.70805020110221,2.70805020110221
7,boondocks,1,2.70805020110221,2.70805020110221
7,death,2,2.70805020110221,5.41610040220442
7,hell,2,2.70805020110221,5.41610040220442
7,houdini,1,2.70805020110221,2.70805020110221
7,driving,1,2.70805020110221,2.70805020110221
7,sonata,1,2.70805020110221,2.70805020110221
8,smothering,1,2.70805020110221,2.70805020110221
9,made,2,2.0149030205422647,4.029806041084529
10,made,1,2.0149030205422647,2.0149030205422647
13,shame,3,2.70805020110221,8.12415060330663
13,moments,1,2.70805020110221,2.70805020110221
13,battered,1,2.70805020110221,2.70805020110221
1,where,12,1.0986122886681098,13.183347464017316
2,where,2,1.0986122886681098,2.1972245773362196
3,where,1,1.0986122886681098,1.0986122886681098
7,where,6,1.0986122886681098,6.591673732008658
9,where,3,1.0986122886681098,3.295836866004329
1,only,1,0.9162907318741551,0.9162907318741551
6,only,1,0.9162907318741551,0.9162907318741551
7,only,4,0.9162907318741551,3.6651629274966204
9,only,6,0.9162907318741551,5.497744391244931
11,only,3,0.9162907318741551,2.7488721956224653
15,only,3,0.9162907318741551,2.7488721956224653
1,lost,4,1.6094379124341003,6.437751649736401
8,lost,1,1.6094379124341003,1.6094379124341003
11,lost,1,1.6094379124341003,1.6094379124341003
1,letting,1,2.70805020110221,2.70805020110221
1,bright,1,2.70805020110221,2.70805020110221
1,fire,1,2.70805020110221,2.70805020110221
2,summer,1,2.70805020110221,2.70805020110221
2,best,1,2.70805020110221,2.70805020110221
2,thought,1,1.6094379124341003,1.6094379124341003
8,thought,1,1.6094379124341003,1.6094379124341003
11,thought,3,1.6094379124341003,4.828313737302301
3,hear,1,1.6094379124341003,1.6094379124341003
7,hear,1,1.6094379124341003,1.6094379124341003
13,hear,4,1.6094379124341003,6.437751649736401
4,faith,1,2.0149030205422647,2.0149030205422647
7,faith,1,2.0149030205422647,2.0149030205422647
5,end,1,1.6094379124341003,1.6094379124341003
8,end,1,1.6094379124341003,1.6094379124341003
13,end,1,1.6094379124341003,1.6094379124341003
5,ground,1,2.0149030205422647,2.0149030205422647
7,ground,1,2.0149030205422647,2.0149030205422647
6,loves,1,2.70805020110221,2.70805020110221
6,his,3,2.0149030205422647,6.0447090616267936
7,his,8,2.0149030205422647,16.119224164338117
6,guess,2,2.70805020110221,5.41610040220442
6,8,1,2.70805020110221,2.70805020110221
6,started,1,2.70805020110221,2.70805020110221
6,pictures,1,2.70805020110221,2.70805020110221
7,daylight,1,2.70805020110221,2.70805020110221
7,quickly,1,2.70805020110221,2.70805020110221
7,lap,1,2.70805020110221,2.70805020110221
7,gutter,1,2.70805020110221,2.70805020110221
7,names,1,2.70805020110221,2.70805020110221
7,scratch,1,2.70805020110221,2.70805020110221
7,scene,1,2.70805020110221,2.70805020110221
7,numbers,1,2.70805020110221,2.70805020110221
7,spinning,1,2.70805020110221,2.70805020110221
8,faithless,1,2.70805020110221,2.70805020110221
9,heartbeat,1,2.70805020110221,2.70805020110221
9,kissed,1,2.70805020110221,2.70805020110221
10,cold,1,2.70805020110221,2.70805020110221
11,fault,4,2.70805020110221,10.83220080440884
11,erase,3,2.70805020110221,8.12415060330663
12,shoulder,1,2.70805020110221,2.70805020110221
12,favorite,1,2.70805020110221,2.70805020110221
13,name,3,2.70805020110221,8.12415060330663
1,our,1,1.3217558399823195,1.3217558399823195
3,our,1,1.3217558399823195,1.3217558399823195
9,our,6,1.3217558399823195,7.9305350398939165
12,our,4,1.3217558399823195,5.287023359929278
1,a,1,0.31015492830383945,0.31015492830383945
2,a,3,0.31015492830383945,0.9304647849115184
3,a,5,0.31015492830383945,1.5507746415191972
5,a,1,0.31015492830383945,0.31015492830383945
6,a,16,0.31015492830383945,4.962478852861431
7,a,28,0.31015492830383945,8.684337992507505
9,a,2,0.31015492830383945,0.6203098566076789
10,a,1,0.31015492830383945,0.31015492830383945
12,a,2,0.31015492830383945,0.6203098566076789
14,a,1,0.31015492830383945,0.31015492830383945
15,a,2,0.31015492830383945,0.6203098566076789
2,fair,2,2.70805020110221,5.41610040220442
2,remember,3,1.0986122886681098,3.295836866004329
4,remember,2,1.0986122886681098,2.1972245773362196
6,remember,1,1.0986122886681098,1.0986122886681098
7,remember,1,1.0986122886681098,1.0986122886681098
9,remember,2,1.0986122886681098,2.1972245773362196
3,california,1,2.0149030205422647,2.0149030205422647
6,california,1,2.0149030205422647,2.0149030205422647
3,talk,1,2.70805020110221,2.70805020110221
4,comes,2,2.0149030205422647,4.029806041084529
7,comes,1,2.0149030205422647,2.0149030205422647
4,happy,3,2.70805020110221,8.12415060330663
4,scars,2,2.70805020110221,5.41610040220442
4,hard,1,1.6094379124341003,1.6094379124341003
7,hard,1,1.6094379124341003,1.6094379124341003
9,hard,2,1.6094379124341003,3.2188758248682006
4,thinking,1,2.70805020110221,2.70805020110221
4,need,1,1.6094379124341003,1.6094379124341003
10,need,2,1.6094379124341003,3.2188758248682006
12,need,4,1.6094379124341003,6.437751649736401
4,words,1,1.6094379124341003,1.6094379124341003
9,words,2,1.6094379124341003,3.2188758248682006
11,words,1,1.6094379124341003,1.6094379124341003
5,float,2,2.70805020110221,5.41610040220442
5,happens,1,2.0149030205422647,2.0149030205422647
6,happens,1,2.0149030205422647,2.0149030205422647
6,pull,1,2.70805020110221,2.70805020110221
6,through,3,1.3217558399823195,3.9652675199469583
7,through,2,1.3217558399823195,2.643511679964639
9,through,1,1.3217558399823195,1.3217558399823195
15,through,1,1.3217558399823195,1.3217558399823195
6,better,1,1.3217558399823195,1.3217558399823195
7,better,2,1.3217558399823195,2.643511679964639
12,better,1,1.3217558399823195,1.3217558399823195
13,better,4,1.3217558399823195,5.287023359929278
6,course,1,2.0149030205422647,2.0149030205422647
7,course,1,2.0149030205422647,2.0149030205422647
6,meant,1,2.70805020110221,2.70805020110221
6,either,2,2.70805020110221,5.41610040220442
6,shot,1,2.0149030205422647,2.0149030205422647
7,shot,2,2.0149030205422647,4.029806041084529
6,bedroom,1,2.70805020110221,2.70805020110221
6,went,1,2.70805020110221,2.70805020110221
7,dallas,2,2.70805020110221,5.41610040220442
7,slaughter,1,2.70805020110221,2.70805020110221
7,unpaid,1,2.70805020110221,2.70805020110221
7,face,1,2.0149030205422647,2.0149030205422647
11,face,1,2.0149030205422647,2.0149030205422647
7,pick,1,2.70805020110221,2.70805020110221
7,party,1,2.70805020110221,2.70805020110221
7,bricks,1,2.70805020110221,2.70805020110221
7,foot,1,2.70805020110221,2.70805020110221
7,barrelhead,1,2.70805020110221,2.70805020110221
7,sam,1,2.70805020110221,2.70805020110221
7,soul,2,2.0149030205422647,4.029806041084529
9,soul,2,2.0149030205422647,4.029806041084529
7,river,2,2.70805020110221,5.41610040220442
7,six,1,2.70805020110221,2.70805020110221
7,horse,1,2.70805020110221,2.70805020110221
7,bud,1,2.70805020110221,2.70805020110221
8,surface,1,2.70805020110221,2.70805020110221
9,wont,4,2.0149030205422647,8.059612082169059
15,wont,4,2.0149030205422647,8.059612082169059
11,real,7,2.70805020110221,18.95635140771547
11,along,3,2.0149030205422647,6.0447090616267936
12,along,1,2.0149030205422647,2.0149030205422647
